company,location,industry,total_laid_off,percentage_laid_off,date,stage,country,funds_raised
EasyPost,Salt Lake City,Logistics,75.00,,2020-02-11,Unknown,United States,0
OutboundEngine,Austin,Marketing,52.00,0.28,2020-02-25,Unknown,United States,0
Tamara Mellon,Los Angeles,Retail,20.00,0.4,2020-03-12,Unknown,United States,0
HopSkipDrive,Los Angeles,Transportation,8.00,0.1,2020-03-13,Unknown,United States,0
Panda Squad,SF Bay Area,Consumer,6.00,0.75,2020-03-13,Unknown,United States,0
Inspirato,Denver,Travel,130.00,0.22,2020-03-16,Unknown,United States,0
Help.com,Austin,Support,16.00,0.1,2020-03-16,Unknown,United States,0
Flytedesk,Boulder,Marketing,4.00,0.2,2020-03-18,Unknown,United States,0
Ejento,SF Bay Area,Recruiting,84.00,1,2020-03-19,Unknown,United States,0
Bounce,Bengaluru,Transportation,120.00,,2020-03-19,Unknown,United Kingdom,0
Lola,Boston,Travel,34.00,,2020-03-19,Unknown,United States,0
Remote Year,Chicago,Travel,50.00,0.5,2020-03-19,Unknown,United States,0
Yonder,Austin,Media,18.00,,2020-03-20,Unknown,United States,0
CTO.ai,Vancouver,Infrastructure,30.00,0.5,2020-03-20,Unknown,Canada,0
Peek,Salt Lake City,Travel,45.00,,2020-03-20,Unknown,United States,0
Flywheel Sports,New York City,Fitness,784.00,0.95,2020-03-20,Unknown,United States,0
Triplebyte,SF Bay Area,Recruiting,15.00,0.17,2020-03-23,Unknown,United States,0
Compass,New York City,Real Estate,375.00,0.15,2020-03-23,Unknown,United States,0
Convene,New York City,Real Estate,150.00,0.18,2020-03-23,Unknown,United States,0
Leafly,Seattle,Retail,91.00,0.5,2020-03-23,Unknown,United States,0
The Guild,Austin,Travel,38.00,0.22,2020-03-23,Unknown,United States,0
GrayMeta,Los Angeles,Data,20.00,0.4,2020-03-23,Unknown,United States,0
Drip,Salt Lake City,Marketing,20.00,,2020-03-23,Unknown,United States,0
Ladder Life,SF Bay Area,Finance,13.00,0.25,2020-03-23,Unknown,United States,0
Zeus Living,SF Bay Area,Real Estate,80.00,0.3,2020-03-23,Unknown,United States,0
Sonder,SF Bay Area,Travel,400.00,0.33,2020-03-23,Unknown,United States,0
Foodsby,Minneapolis,Food,87.00,0.67,2020-03-23,Unknown,United States,0
TravelBank,SF Bay Area,Travel,20.00,,2020-03-24,Unknown,United States,0
Takl,Nashville,Consumer,130.00,,2020-03-24,Unknown,United States,0
Wonderschool,SF Bay Area,Education,50.00,0.75,2020-03-25,Unknown,United States,0
TripActions,SF Bay Area,Travel,300.00,0.25,2020-03-25,Unknown,United States,0
Jama,Portland,Product,12.00,0.05,2020-03-25,Unknown,United States,0
Rangle,Toronto,Product,78.00,0.3,2020-03-25,Unknown,Canada,0
O'Reilly Media,SF Bay Area,Media,75.00,0.15,2020-03-25,Unknown,United States,0
WanderJaunt,SF Bay Area,Travel,56.00,0.23,2020-03-25,Unknown,United States,0
Overtime,New York City,Media,30.00,0.23,2020-03-25,Unknown,United States,0
Element Analytics,SF Bay Area,Data,10.00,,2020-03-25,Unknown,United States,0
Lyric,SF Bay Area,Real Estate,100.00,,2020-03-25,Unknown,United States,0
Consider.co,SF Bay Area,Other,13.00,1,2020-03-25,Unknown,United States,0
Ecobee,Toronto,Energy,47.00,0.1,2020-03-26,Unknown,Canada,0
GoSpotCheck,Denver,Retail,23.00,0.2,2020-03-26,Unknown,United States,0
Passport,Charlotte,Transportation,44.00,,2020-03-26,Unknown,United States,0
Puppet,Portland,Infrastructure,50.00,0.1,2020-03-26,Unknown,United States,0
B8ta,SF Bay Area,Retail,250.00,0.5,2020-03-26,Unknown,United States,0
Fareportal,Gurugram,Travel,200.00,,2020-03-26,Unknown,India,0
Peerspace,SF Bay Area,Real Estate,41.00,0.75,2020-03-26,Unknown,United States,0
Zipcar,Boston,Transportation,100.00,0.2,2020-03-27,Unknown,United States,0
Bevi,Boston,Food,30.00,0.2,2020-03-27,Unknown,United States,0
Textio,Seattle,Recruiting,30.00,0.2,2020-03-27,Unknown,United States,0
OneWeb,London,Aerospace,451.00,0.85,2020-03-27,Unknown,United States,0
DataRobot,Boston,Data,200.00,,2020-03-27,Unknown,United States,0
Knotel,New York City,Real Estate,127.00,0.3,2020-03-27,Unknown,United States,0
Opal,Portland,Marketing,20.00,,2020-03-27,Unknown,United States,0
DISCO,Austin,Legal,75.00,,2020-03-27,Unknown,United States,0
Restaurant365,Los Angeles,Food,175.00,,2020-03-27,Unknown,United States,0
Bird,Los Angeles,Transportation,406.00,0.3,2020-03-27,Unknown,United States,0
Getaround,SF Bay Area,Transportation,100.00,0.25,2020-03-27,Unknown,United States,0
Everlane,SF Bay Area,Retail,227.00,,2020-03-27,Unknown,United States,0
Oh My Green,SF Bay Area,Food,40.00,,2020-03-27,Unknown,United States,0
Blueground,New York City,Real Estate,130.00,0.4,2020-03-27,Unknown,United States,0
ThirdLove,New York City,Retail,10.00,,2020-03-27,Unknown,United States,0
Mogo,Vancouver,Finance,78.00,0.3,2020-03-27,Unknown,Canada,0
Raken,San Diego,Construction,60.00,,2020-03-27,Unknown,United States,0
Loft,Sao Paulo,Real Estate,47.00,,2020-03-27,Unknown,Brazil,0
HOOQ,Singapore,Consumer,250.00,1,2020-03-27,Unknown,Singapore,0
Bench,Vancouver,Finance,47.00,0.1,2020-03-27,Unknown,Canada,0
WeWork,New York City,Real Estate,250.00,,2020-03-28,Unknown,United States,0
TravelTriangle,Gurugram,Travel,250.00,0.5,2020-03-28,Unknown,India,0
ZipRecruiter,Los Angeles,Recruiting,400.00,0.39,2020-03-29,Unknown,United States,0
Amplero,Seattle,Marketing,17.00,1,2020-03-29,Unknown,United States,0
Polarr,SF Bay Area,Consumer,10.00,,2020-03-29,Unknown,United States,0
Thumbtack,SF Bay Area,Consumer,250.00,0.3,2020-03-29,Unknown,United States,0
Hibob,Tel Aviv,HR,70.00,0.3,2020-03-30,Unknown,Israel,0
RigUp,Austin,Energy,120.00,0.25,2020-03-30,Unknown,United States,0
Catalant,Boston,Other,30.00,,2020-03-30,Unknown,United States,0
PeerStreet,Los Angeles,Finance,51.00,0.3,2020-03-30,Unknown,United States,0
Iris Nova,New York City,Food,9.00,0.5,2020-03-30,Unknown,United States,0
Blume Global,SF Bay Area,Logistics,30.00,0.1,2020-03-30,Unknown,United States,0
Loftsmart,New York City,Real Estate,25.00,0.75,2020-03-30,Unknown,United States,0
Starship Technologies,Tallinn,Transportation,30.00,,2020-03-30,Unknown,Estonia,0
Maven,Seattle,Media,31.00,0.09,2020-03-30,Unknown,United States,0
FabHotels,New Delhi,Travel,80.00,0.2,2020-03-30,Unknown,India,0
Caliva,SF Bay Area,Retail,20.00,,2020-03-30,Unknown,United States,0
Rover,Seattle,Consumer,194.00,0.41,2020-03-31,Unknown,United States,0
Zenoti,Seattle,Fitness,17.00,0.04,2020-03-31,Unknown,United States,0
uShip,Austin,Logistics,65.00,0.37,2020-03-31,Unknown,United States,0
KeepTruckin,SF Bay Area,Logistics,349.00,0.18,2020-03-31,Unknown,United States,0
AdRoll,Salt Lake City,Marketing,210.00,0.3,2020-03-31,Unknown,United States,0
Turo,SF Bay Area,Transportation,108.00,0.3,2020-03-31,Unknown,United States,0
Siteimprove,Minneapolis,Marketing,40.00,,2020-03-31,Unknown,United States,0
AngelList,SF Bay Area,Recruiting,20.00,,2020-03-31,Unknown,United States,0
DialSource,Sacramento,Marketing,5.00,0.14,2020-03-31,Unknown,United States,0
SkySlope,Sacramento,Real Estate,50.00,0.25,2020-03-31,Unknown,United States,0
Wonolo,SF Bay Area,Recruiting,46.00,0.13,2020-04-01,Unknown,United States,0
Showpad,Chicago,Marketing,52.00,0.12,2020-04-01,Unknown,United States,0
PatientPop,Los Angeles,Healthcare,100.00,0.2,2020-04-01,Unknown,United States,0
Pana,Denver,Travel,18.00,,2020-04-01,Unknown,United States,0
Usermind,Seattle,Marketing,15.00,0.25,2020-04-01,Unknown,United States,0
Moovel,Portland,Transportation,28.00,0.37,2020-04-01,Unknown,United States,0
Earnin,SF Bay Area,Finance,50.00,0.2,2020-04-01,Unknown,United States,0
Aqua Security,Tel Aviv,Security,24.00,0.09,2020-04-01,Unknown,Israel,0
Crayon,Boston,Marketing,20.00,0.2,2020-04-01,Unknown,United States,0
Incredible Health,SF Bay Area,Healthcare,9.00,0.4,2020-04-01,Unknown,United States,0
Booksy,SF Bay Area,Consumer,200.00,,2020-04-01,Unknown,United States,0
Highsnobiety,Berlin,Media,51.00,0.25,2020-04-01,Unknown,Germany,0
Acko,Mumbai,Finance,45.00,0.09,2020-04-01,Unknown,India,0
Flymya,Yangon,Travel,200.00,0.33,2020-04-01,Unknown,Myanmar,0
Sensibill,Toronto,Finance,17.00,0.2,2020-04-01,Unknown,Canada,0
Ritual,Toronto,Food,196.00,0.54,2020-04-02,Unknown,Canada,0
Jobcase,Boston,Recruiting,39.00,0.2,2020-04-02,Unknown,United States,0
ThirdLove,SF Bay Area,Retail,65.00,0.3,2020-04-02,Unknown,United States,0
ClassPass,New York City,Fitness,154.00,0.22,2020-04-02,Unknown,United States,0
MindBody,San Luis Obispo,Fitness,700.00,0.35,2020-04-02,Unknown,United States,0
Voi,Stockholm,Transportation,100.00,,2020-04-02,Unknown,Sweden,0
Synergysuite,Salt Lake City,Food,5.00,0.07,2020-04-02,Unknown,United States,0
Industrious,New York City,Real Estate,90.00,0.2,2020-04-02,Unknown,United States,0
Humu,SF Bay Area,HR,26.00,,2020-04-02,Unknown,United States,0
The Predictive Index,Boston,HR,59.00,0.25,2020-04-02,Unknown,United States,0
Latch,New York City,Security,60.00,,2020-04-02,Unknown,United States,0
Katerra,SF Bay Area,Construction,240.00,0.03,2020-04-02,Unknown,United States,0
Copper,SF Bay Area,Marketing,35.00,,2020-04-02,Unknown,United States,0
1stdibs,New York City,Retail,70.00,0.17,2020-04-02,Unknown,United States,0
Dynamic Signal,SF Bay Area,HR,35.00,0.19,2020-04-02,Unknown,United States,0
Shuttl,New Delhi,Transportation,40.00,,2020-04-02,Unknown,India,0
TripleLift,New York City,Marketing,23.00,0.07,2020-04-02,Unknown,United States,0
Instamojo,Bengaluru,Finance,6.00,0.06,2020-04-02,Unknown,India,0
Coding Dojo,Seattle,Education,7.00,0.07,2020-04-02,Unknown,United States,0
Sauce Labs,SF Bay Area,Infrastructure,30.00,0.15,2020-04-02,Unknown,United States,0
FiscalNote,Washington D.C.,Media,30.00,,2020-04-02,Unknown,United States,0
eGym,Munich,Fitness,100.00,0.25,2020-04-02,Unknown,Germany,0
Bustle Digital Group,New York City,Media,24.00,0.08,2020-04-03,Unknown,United States,0
Sojern,SF Bay Area,Marketing,300.00,0.5,2020-04-03,Unknown,United States,0
Salsify,Boston,Retail,60.00,0.13,2020-04-03,Unknown,United States,0
Opencare,Toronto,Healthcare,18.00,0.25,2020-04-03,Unknown,Canada,0
Tripbam,Dallas,Travel,10.00,0.25,2020-04-03,Unknown,Canada,0
Avantage Entertainment,Minneapolis,Media,5.00,0.2,2020-04-03,Unknown,United States,0
Velodyne Lidar,SF Bay Area,Transportation,140.00,,2020-04-03,Unknown,United States,0
Arrive Logistics,Austin,Logistics,75.00,0.07,2020-04-03,Unknown,United States,0
Anagram,Los Angeles,Healthcare,17.00,,2020-04-03,Unknown,United States,0
Minted,SF Bay Area,Retail,147.00,0.37,2020-04-03,Unknown,United States,0
Gympass,Sao Paulo,Fitness,467.00,0.33,2020-04-03,Unknown,Brazil,0
MaxMilhas,Belo Horizonte,Travel,167.00,0.42,2020-04-03,Unknown,Brazil,0
Jetty,New York City,Finance,35.00,0.4,2020-04-03,Unknown,United States,0
Zoox,SF Bay Area,Transportation,120.00,,2020-04-03,Unknown,United States,0
DSCO,Salt Lake City,Retail,12.00,,2020-04-03,Unknown,United States,0
Traveloka,Jakarta,Travel,100.00,1,2020-04-03,Unknown,Indonesia,0
G/O Media Group,New York City,Media,14.00,0.05,2020-04-03,Unknown,United States,0
D2iQ,SF Bay Area,Infrastructure,34.00,0.13,2020-04-03,Unknown,United States,0
Bustle Digital Group,New York City,Media,19.00,,2020-04-03,Unknown,United States,0
Iflix,Kaula Lumpur,Consumer,50.00,0.12,2020-04-04,Unknown,United States,0
Astra,SF Bay Area,Aerospace,40.00,0.25,2020-04-05,Unknown,United States,0
C6 Bank,Sao Paulo,Finance,60.00,,2020-04-06,Unknown,United States,0
Rock Content,Belo Horizonte,Marketing,100.00,0.2,2020-04-06,Unknown,Brazil,0
Cogito,Boston,Support,24.00,0.14,2020-04-06,Unknown,United States,0
BounceX,New York City,Marketing,77.00,0.2,2020-04-06,Unknown,United States,0
Borrowell,Toronto,Finance,15.00,0.2,2020-04-06,Unknown,Canada,0
Metromile,SF Bay Area,Finance,100.00,0.33,2020-04-06,Unknown,United States,0
Wordstream,Boston,Marketing,26.00,0.1,2020-04-06,Unknown,United States,0
PerkSpot,Chicago,HR,10.00,0.1,2020-04-06,Unknown,United States,0
BusBud,Montreal,Transportation,23.00,0.32,2020-04-06,Unknown,United States,0
Away,New York City,Retail,60.00,0.1,2020-04-07,Unknown,United States,0
Toast,Boston,Food,1300.00,0.5,2020-04-07,Unknown,United States,0
Redfin,Seattle,Real Estate,236.00,0.07,2020-04-07,Unknown,United States,0
ezCater,Boston,Food,400.00,0.44,2020-04-07,Unknown,United States,0
Group Nine Media,New York City,Media,50.00,0.07,2020-04-07,Unknown,United States,0
Virta Health,SF Bay Area,Healthcare,65.00,,2020-04-07,Unknown,United States,0
MediaMath,New York City,Marketing,53.00,0.08,2020-04-07,Unknown,United States,0
Newfront Insurance,SF Bay Area,Finance,94.00,,2020-04-07,Unknown,United States,0
Sage Therapeutics,Boston,Healthcare,340.00,0.53,2020-04-07,Unknown,United States,0
Payfactors,Boston,HR,46.00,,2020-04-07,Unknown,United States,0
Branch Metrics,SF Bay Area,Marketing,100.00,0.2,2020-04-07,Unknown,United States,0
Ibotta,Denver,Retail,87.00,0.25,2020-04-07,Unknown,United States,0
Nav,Salt Lake City,Finance,30.00,,2020-04-07,Unknown,United States,0
Unison,SF Bay Area,Finance,89.00,0.45,2020-04-07,Unknown,United States,0
Quantcast,SF Bay Area,Marketing,30.00,0.05,2020-04-07,Unknown,United States,0
Eden / Managed By Q,New York City,Real Estate,40.00,0.4,2020-04-08,Unknown,United States,0
Eventbrite,SF Bay Area,Consumer,500.00,0.45,2020-04-08,Unknown,United States,0
Spyce,Boston,Food,4.00,0.12,2020-04-08,Unknown,United States,0
Lever,SF Bay Area,Recruiting,86.00,0.4,2020-04-08,Unknown,United States,0
Scoop,SF Bay Area,Transportation,92.00,0.33,2020-04-08,Unknown,United States,0
Unbabel,Lisbon,Support,80.00,0.35,2020-04-08,Unknown,Portugal,0
VideoAmp,Los Angeles,Marketing,21.00,0.1,2020-04-08,Unknown,United States,0
Meesho,Bengaluru,Retail,200.00,0.28,2020-04-08,Unknown,India,0
Button,New York City,Marketing,48.00,0.35,2020-04-08,Unknown,United States,0
Connected,Toronto,Pro,17.00,0.1,2020-04-08,Unknown,Canada,0
BVAccel,San Diego,Marketing,25.00,0.25,2020-04-08,Unknown,United States,0
Kenoby,Sao Paulo,Recruiting,18.00,0.16,2020-04-08,Unknown,Brazil,0
GetNinjas,Sao Paulo,Consumer,11.00,0.1,2020-04-08,Unknown,Brazil,0
Clinc,Ann Arbor,Support,40.00,0.32,2020-04-09,Unknown,United States,0
Yelp,SF Bay Area,Consumer,1000.00,0.17,2020-04-09,Unknown,United States,0
Monzo,Las Vegas,Finance,165.00,,2020-04-09,Unknown,United States,0
Omie,Sao Paulo,Finance,136.00,0.31,2020-04-09,Unknown,United States,0
Mejuri,Toronto,Retail,36.00,0.15,2020-04-09,Unknown,United States,0
Lighthouse Labs,Toronto,Education,14.00,0.07,2020-04-09,Unknown,United States,0
OneTrust,Atlanta,Legal,150.00,0.1,2020-04-09,Unknown,United States,0
LoopMe,London,Marketing,8.00,0.04,2020-04-09,Unknown,United Kingdom,0
Domo,Salt Lake City,Data,90.00,0.1,2020-04-09,Unknown,United States,0
Matterport,SF Bay Area,Data,90.00,0.34,2020-04-09,Unknown,United States,0
Code42,Minneapolis,Data,25.00,0.05,2020-04-09,Unknown,United States,0
Frontdesk,Milwaukee,Travel,35.00,0.16,2020-04-10,Unknown,United States,0
NuoDB,Boston,Data,20.00,0.29,2020-04-10,Unknown,United States,0
Meow Wolf,Santa Fe,Media,201.00,,2020-04-10,Unknown,United States,0
Geekwire,Seattle,Media,5.00,0.31,2020-04-10,Unknown,United States,0
Rhumbix,SF Bay Area,Construction,16.00,0.27,2020-04-10,Unknown,United States,0
Atsu,Seattle,Infrastructure,66.00,1,2020-04-10,Unknown,United States,0
BeeTech,Sao Paulo,Finance,30.00,,2020-04-10,Unknown,United States,0
Built In,Chicago,Recruiting,28.00,,2020-04-10,Unknown,United States,0
Groupon,Chicago,Retail,2800.00,0.44,2020-04-13,Unknown,United States,0
Clearbanc,Toronto,Finance,17.00,0.08,2020-04-13,Unknown,United States,0
Zoox,SF Bay Area,Transportation,100.00,0.1,2020-04-13,Unknown,United States,0
EasyPost,SF Bay Area,Logistics,50.00,0.25,2020-04-13,Unknown,United States,0
Neon,Sao Paulo,Finance,70.00,0.1,2020-04-13,Unknown,United States,0
TouchBistro,Toronto,Food,131.00,0.23,2020-04-14,Unknown,United States,0
Xerpa,Sao Paulo,HR,10.00,,2020-04-14,Unknown,United States,0
VSCO,SF Bay Area,Consumer,45.00,0.35,2020-04-14,Unknown,United States,0
The RealReal,SF Bay Area,Retail,235.00,0.1,2020-04-14,Unknown,United States,0
Envoy,SF Bay Area,HR,58.00,0.3,2020-04-14,Unknown,United States,0
DataStax,SF Bay Area,Data,15.00,,2020-04-14,Unknown,United States,0
Skillz,SF Bay Area,Consumer,21.00,,2020-04-14,Unknown,United States,0
Carta,SF Bay Area,Finance,161.00,0.16,2020-04-15,Unknown,United States,0
Opendoor,SF Bay Area,Real Estate,600.00,0.35,2020-04-15,Unknown,United States,0
Zume,SF Bay Area,Food,200.00,0.67,2020-04-15,Unknown,United States,0
GoPro,SF Bay Area,Consumer,200.00,0.2,2020-04-15,Unknown,United States,0
Tulip Retail,Toronto,Retail,14.00,,2020-04-15,Unknown,United States,0
Kodiak Robotics,SF Bay Area,Transportation,15.00,0.2,2020-04-15,Unknown,United States,0
Akulaku,Jakarta,Finance,100.00,,2020-04-15,Unknown,United States,0
Shop101,Mumbai,Retail,200.00,0.4,2020-04-15,Unknown,United States,0
Trove Recommerce,SF Bay Area,Retail,13.00,,2020-04-15,Unknown,United States,0
Parsable,SF Bay Area,HR,40.00,0.25,2020-04-15,Unknown,United States,0
CarGurus,Boston,Transportation,130.00,0.13,2020-04-16,Unknown,United States,0
Funding Societies,Singapore,Finance,65.00,0.18,2020-04-16,Unknown,Singapore,0
CleverTap,Munbai,Marketing,60.00,0.2,2020-04-16,Unknown,United States,0
Greenhouse,New York City,Recruiting,120.00,0.28,2020-04-17,Unknown,United States,0
People.ai,SF Bay Area,Marketing,30.00,0.18,2020-04-17,Unknown,United States,0
Sweetgreen,Los Angeles,Food,35.00,0.1,2020-04-17,Unknown,United States,0
QuintoAndar,Sao Paulo,Real Estate,88.00,0.08,2020-04-17,Unknown,United States,0
Loft,Sao Paulo,Real Estate,47.00,0.1,2020-04-17,Unknown,United States,0
Tor,Boston,Security,13.00,0.37,2020-04-17,Unknown,United States,0
BlackBuck,Bengaluru,Logistics,200.00,,2020-04-17,Unknown,India,0
Zilingo,Singapore,Retail,44.00,0.05,2020-04-17,Unknown,Singapore,0
Labster,Copenhagen,Education,40.00,,2020-04-17,Unknown,Denmark,0
ContaAzul,Joinville,Education,140.00,0.35,2020-04-17,Unknown,Brazil,0
ConsenSys,New York City,Crypto,91.00,0.14,2020-04-20,Unknown,United States,0
Forward,SF Bay Area,Healthcare,10.00,0.03,2020-04-20,Unknown,United States,0
Komodo Health,SF Bay Area,Healthcare,23.00,0.09,2020-04-20,Unknown,United States,0
Kueski,Guadalajara,Finance,90.00,0.3,2020-04-20,Unknown,United States,0
Zum,SF Bay Area,Transportation,28.00,,2020-04-20,Unknown,United States,0
GumGum,Los Angeles,Marketing,90.00,0.25,2020-04-20,Unknown,United States,0
Movidesk,Blumenau,Support,33.00,0.25,2020-04-20,Unknown,United States,0
Klook,Hong Kong,Travel,300.00,0.15,2020-04-20,Unknown,United States,0
Houzz,SF Bay Area,Consumer,155.00,0.1,2020-04-21,Unknown,United States,0
Casper,New York City,Retail,78.00,0.21,2020-04-21,Unknown,United States,0
Lending Club,SF Bay Area,Finance,460.00,0.3,2020-04-21,Unknown,United States,0
Patreon,SF Bay Area,Media,30.00,0.13,2020-04-21,Unknown,United States,0
RealSelf,Seattle,Healthcare,40.00,0.13,2020-04-21,Unknown,United States,0
Politico / Protocol,Washington D.C.,Media,13.00,,2020-04-21,Unknown,United States,0
Swiggy,Bengaluru,Food,800.00,,2020-04-21,Unknown,India,0
Paytm,New Delhi,Finance,500.00,,2020-04-21,Unknown,India,0
Lambda School,SF Bay Area,Education,19.00,,2020-04-21,Unknown,United States,0
Freshbooks,Toronto,Finance,38.00,0.09,2020-04-21,Unknown,Canada,0
Bringg,Tel Aviv,Logistics,10.00,0.1,2020-04-21,Unknown,Israel,0
Magic Leap,Miami,Consumer,1000.00,0.5,2020-04-22,Unknown,United States,0
Ike,SF Bay Area,Transportation,10.00,0.14,2020-04-22,Unknown,United States,0
When I Work,Minneapolis,HR,55.00,0.35,2020-04-22,Unknown,United States,0
Sisense,New York City,Data,80.00,0.09,2020-04-22,Unknown,United States,0
Oscar Health,New York City,Healthcare,70.00,0.05,2020-04-22,Unknown,United States,0
Zenefits,SF Bay Area,HR,87.00,0.15,2020-04-22,Unknown,United States,0
StockX,Detroit,Retail,100.00,0.12,2020-04-22,Unknown,United States,0
Simon Data,New York City,Marketing,6.00,,2020-04-23,Unknown,United States,0
Ada Support,Toronto,Support,36.00,0.23,2020-04-24,Unknown,Canada,0
Divergent 3D,Los Angeles,Transportation,57.00,0.36,2020-04-24,Unknown,United States,0
Jiobit,Chicago,Consumer,5.00,0.21,2020-04-24,Unknown,United States,0
Upshow,Chicago,Marketing,19.00,0.3,2020-04-24,Unknown,United States,0
Lighter Capital,Seattle,Finance,18.00,0.22,2020-04-24,Unknown,United States,0
Horizn Studios,Berlin,Travel,15.00,0.25,2020-04-24,Unknown,Germany,0
TutorMundi,Salt Lake City,Education,4.00,1,2020-04-24,Unknown,United States,0
Welkin Health,SF Bay Area,Healthcare,10.00,0.33,2020-04-24,Unknown,United States,0
Stoqo,Jakarta,Food,250.00,1,2020-04-25,Unknown,Indonesia,0
OYO,Sao Paulo,Travel,500.00,,2020-04-25,Unknown,Brazil,0
Submittable,Missoula,Other,30.00,0.2,2020-04-25,Unknown,United States,0
Automation Anywhere,SF Bay Area,Other,260.00,0.1,2020-04-27,Unknown,United States,0
JetClosing,Seattle,Real Estate,20.00,0.2,2020-04-27,Unknown,United States,0
App Annie,SF Bay Area,Data,80.00,0.18,2020-04-28,Unknown,United States,0
TripAdvisor,Boston,Travel,900.00,0.25,2020-04-28,Unknown,United States,0
Deliveroo,London,Food,367.00,0.15,2020-04-28,Unknown,United Kingdom,0
Shipsi,Los Angeles,Retail,20.00,0.5,2020-04-28,Unknown,United States,0
OpenX,Los Angeles,Marketing,35.00,0.15,2020-04-28,Unknown,United States,0
Renmoney,Lagos,Finance,391.00,0.5,2020-04-28,Unknown,Nigeria,0
PayJoy,SF Bay Area,Finance,27.00,0.25,2020-04-28,Unknown,United States,0
WeWork,SF Bay Area,Real Estate,300.00,,2020-04-29,Unknown,United States,0
Lyft,SF Bay Area,Transportation,982.00,0.17,2020-04-29,Unknown,United States,0
Lime,SF Bay Area,Transportation,80.00,0.13,2020-04-29,Unknown,United States,0
Transfix,New York City,Logistics,24.00,0.1,2020-04-29,Unknown,United States,0
Kitopi,New York City,Food,29.00,,2020-04-29,Unknown,United States,0
Kayak / OpenTable,Stamford,Transportation,160.00,0.08,2020-04-29,Unknown,United States,0
Care.com,Boston,Consumer,81.00,,2020-04-29,Unknown,United States,0
Bullhorn,Boston,Sales,100.00,,2020-04-29,Unknown,United States,0
Culture Trip,London,Media,95.00,0.32,2020-05-01,Unknown,United Kingdom,0
Sandbox VR,SF Bay Area,Consumer,80.00,0.8,2020-05-01,Unknown,United States,0
Virtudent,Boston,Healthcare,70.00,0.7,2020-05-01,Unknown,United States,0
TheSkimm,New York City,Media,26.00,0.2,2020-05-01,Unknown,United States,0
Namely,New York City,HR,110.00,0.4,2020-05-01,Unknown,United States,0
OYO,London,Travel,150.00,,2020-05-01,Unknown,United Kingdom,0
Monese,Lisbon,Finance,35.00,,2020-05-01,Unknown,Portugal,0
LiveTiles,New York City,Other,50.00,,2020-05-03,Unknown,United States,0
Trax,Tel Aviv,Retail,120.00,0.1,2020-05-03,Unknown,Israel,0
Curefit,Bengaluru,Fitness,800.00,0.16,2020-05-04,Unknown,India,0
Careem,Dubai,Transportation,546.00,0.31,2020-05-04,Unknown,Saudi Arabia,0
Veriff,Tallinn,Security,63.00,0.21,2020-05-04,Unknown,Estonia,0
Oriente,Hong Kong,Finance,400.00,0.2,2020-05-04,Unknown,China,0
Element AI,Montreal,Other,62.00,0.15,2020-05-04,Unknown,Canada,0
Loopio,Toronto,Sales,11.00,0.08,2020-05-04,Unknown,Canada,0
Deputy,Sydney,HR,60.00,0.3,2020-05-04,Unknown,Australia,0
Airbnb,SF Bay Area,Travel,1900.00,0.25,2020-05-04,Unknown,United States,0
Workable,Boston,Recruiting,25.00,0.1,2020-05-04,Unknown,United States,0
Andela,New York City,Recruiting,135.00,0.1,2020-05-05,Unknown,United States,0
Juul,SF Bay Area,Consumer,900.00,0.3,2020-05-05,Unknown,United States,0
Stack Overflow,New York City,Recruiting,40.00,0.15,2020-05-05,Unknown,United States,0
Pipedrive,Tallinn,Sales,31.00,,2020-05-05,Unknown,Estonia,0
Uber,SF Bay Area,Transportation,3700.00,,2020-05-06,Unknown,United States,0
Validity,Boston,Data,130.00,,2020-05-06,Unknown,United States,0
Rubicon Project,Los Angeles,Marketing,50.00,0.06,2020-05-06,Unknown,United States,0
Flatiron School,New York City,Education,100.00,,2020-05-06,Unknown,United States,0
Segment,SF Bay Area,Data,50.00,0.1,2020-05-06,Unknown,United States,0
Glassdoor,SF Bay Area,Recruiting,300.00,0.3,2020-05-07,Unknown,United States,0
Flywire,Boston,Finance,60.00,0.12,2020-05-07,Unknown,United States,0
SalesLoft,Atlanta,Sales,55.00,,2020-05-07,Unknown,United States,0
Numbrs,Zurich,Finance,62.00,,2020-05-07,Unknown,Switzerland,0
Jump,New York City,Transportation,500.00,1,2020-05-07,Unknown,United States,0
Tally,SF Bay Area,Finance,28.00,0.23,2020-05-07,Unknown,United States,0
N26,New York City,Finance,9.00,0.01,2020-05-08,Unknown,United States,0
Cadre,New York City,Real Estate,28.00,0.25,2020-05-11,Unknown,United States,0
Revolut,London,Finance,60.00,0.03,2020-05-11,Unknown,United States,0
Top Hat,Toronto,Education,16.00,0.03,2020-05-12,Unknown,Canada,0
Zeus Living,SF Bay Area,Real Estate,73.00,0.5,2020-05-12,Unknown,United States,0
Hireology,Chicago,Recruiting,36.00,0.17,2020-05-12,Unknown,United States,0
Mixpanel,SF Bay Area,Data,65.00,0.19,2020-05-12,Unknown,United States,0
Stone,Sao Paulo,Finance,1300.00,0.2,2020-05-12,Unknown,Brazil,0
Deliv,SF Bay Area,Retail,669.00,1,2020-05-13,Unknown,United States,0
Mode Analytics,SF Bay Area,Data,17.00,,2020-05-13,Unknown,United States,0
Intersect,Toronto,Product,19.00,0.11,2020-05-13,Unknown,Canada,0
Kickstarter,New York City,Finance,25.00,0.18,2020-05-13,Unknown,United States,0
Mercos,Joinville,Sales,51.00,0.4,2020-05-13,Unknown,Brazil,0
Quartz,New York City,Media,80.00,0.4,2020-05-14,Unknown,United States,0
Integral Ad Science,New York City,Marketing,70.00,0.1,2020-05-14,Unknown,United States,0
Veem,SF Bay Area,Finance,30.00,,2020-05-14,Unknown,United States,0
Ridecell,SF Bay Area,Transportation,35.00,,2020-05-14,Unknown,United States,0
Zomato,Gurugram,Food,520.00,0.13,2020-05-15,Unknown,India,0
Lendingkart,Ahmedabad,Finance,500.00,0.5,2020-05-15,Unknown,India,0
Lattice,SF Bay Area,HR,16.00,0.1,2020-05-15,Unknown,United States,0
Magicbricks,Noida,Real Estate,250.00,,2020-05-15,Unknown,India,0
Swiggy,Bengaluru,Food,1100.00,0.14,2020-05-18,Unknown,India,0
Uber,SF Bay Area,Transportation,3000.00,0.13,2020-05-18,Unknown,United States,0
Agoda,Singapore,Travel,1500.00,0.25,2020-05-18,Unknown,Singapore,0
WeWork,New Delhi,Real Estate,100.00,0.2,2020-05-18,Unknown,United States,0
Intapp,SF Bay Area,Legal,45.00,0.05,2020-05-18,Unknown,United States,0
Rubrik,SF Bay Area,Infrastructure,57.00,,2020-05-18,Unknown,United States,0
Livspace,Bengaluru,Retail,450.00,0.15,2020-05-19,Unknown,India,0
Pollen,London,Travel,69.00,0.31,2020-05-19,Unknown,United Kingdom,0
Dotscience,London,Product,10.00,1,2020-05-19,Unknown,United Kingdom,0
Ola,Bengaluru,Transportation,1400.00,0.35,2020-05-20,Unknown,India,0
ShareChat,Bengaluru,Marketing,101.00,0.25,2020-05-20,Unknown,India,0
Samsara,SF Bay Area,Logistics,300.00,0.18,2020-05-20,Unknown,United States,0
SoFi,SF Bay Area,Finance,112.00,0.07,2020-05-20,Unknown,United States,0
Intercom,SF Bay Area,Support,39.00,0.06,2020-05-20,Unknown,United States,0
Stay Alfred,Spokane,Travel,221.00,1,2020-05-20,Unknown,United States,0
PickYourTrail,Chennai,Travel,70.00,0.35,2020-05-20,Unknown,India,0
Cvent,Washington D.C.,Marketing,400.00,0.1,2020-05-21,Unknown,United States,0
Glitch,New York City,Product,18.00,0.36,2020-05-21,Unknown,United States,0
Teamwork,Cork,Other,21.00,,2020-05-22,Unknown,United States,0
CarDekho,Gurugram,Transportation,200.00,,2020-05-25,Unknown,United States,0
Uber,Bengaluru,Transportation,600.00,0.23,2020-05-25,Unknown,India,0
Bluprint,Denver,Education,137.00,1,2020-05-26,Unknown,United States,0
Acorns,Portland,Finance,50.00,,2020-05-26,Unknown,United States,0
Instructure,Salt Lake City,Education,150.00,0.12,2020-05-27,Unknown,United States,0
Ebanx,Curitiba,Finance,62.00,0.08,2020-05-27,Unknown,Brazil,0
BookMyShow,Mumbai,Consumer,270.00,0.18,2020-05-28,Unknown,India,0
Culture Amp,Melbourne,HR,36.00,0.08,2020-05-28,Unknown,Australia,0
TrueCar,Los Angeles,Transportation,219.00,0.3,2020-05-28,Unknown,United States,0
The Sill,New York City,Retail,20.00,0.25,2020-05-28,Unknown,United States,0
StubHub,SF Bay Area,Consumer,200.00,,2020-05-28,Unknown,United States,0
Brex,SF Bay Area,Finance,62.00,0.15,2020-05-29,Unknown,United States,0
Loftium,Seattle,Real Estate,32.00,0.6,2020-05-29,Unknown,United States,0
CrowdStreet,Portland,Real Estate,24.00,0.22,2020-06-01,Unknown,United States,0
Stitch Fix,SF Bay Area,Retail,1400.00,0.18,2020-06-01,Unknown,United States,0
MakeMyTrip,Gurugram,Travel,350.00,0.1,2020-06-01,Unknown,India,0
MakerBot,New York City,Consumer,12.00,,2020-06-02,Unknown,United States,0
Fundbox,SF Bay Area,Finance,14.00,0.15,2020-06-02,Unknown,United States,0
Rivian,Detroit,Transportation,40.00,0.02,2020-06-02,Unknown,United States,0
Descartes Labs,Santa Fe,Data,12.00,0.16,2020-06-02,Unknown,United States,0
Circ,Berlin,Transportation,100.00,,2020-06-02,Unknown,Germany,0
Monzo,London,Finance,120.00,0.08,2020-06-03,Unknown,United Kingdom,0
SpotHero,Chicago,Transportation,40.00,21,2020-06-03,Unknown,United States,0
Kitty Hawk,SF Bay Area,Aerospace,70.00,,2020-06-03,Unknown,United States,0
Credit Sesame,SF Bay Area,Finance,22.00,0.14,2020-06-03,Unknown,United States,0
Builder,Los Angeles,Product,39.00,0.14,2020-06-04,Unknown,United States,0
Lastline,SF Bay Area,Security,50.00,0.4,2020-06-04,Unknown,United States,0
The Athletic,SF Bay Area,Media,46.00,0.08,2020-06-05,Unknown,United States,0
Ethos Life,SF Bay Area,Finance,18.00,0.14,2020-06-05,Unknown,United States,0
Integrate.ai,Toronto,Support,26.00,,2020-06-05,Unknown,Canada,0
Her Campus Media,Boston,Media,10.00,0.18,2020-06-10,Unknown,United States,0
Branch,New York City,Retail,3.00,0.27,2020-06-11,Unknown,United States,0
ScaleFocus,Sofia,Infrastructure,120.00,0.1,2020-06-11,Unknown,Bularia,0
SynapseFI,SF Bay Area,Finance,63.00,0.48,2020-06-12,Unknown,United States,0
Uber,Amsterdam,Transportation,225.00,0.25,2020-06-12,Unknown,Netherlands,0
Grab,Singapore,Transportation,360.00,0.05,2020-06-16,Unknown,Singapore,0
PaisaBazaar,Gurugram,Finance,1500.00,0.5,2020-06-16,Unknown,India,0
Splunk,SF Bay Area,Data,70.00,0.01,2020-06-16,Unknown,United States,0
Redox,Madison,Healthcare,44.00,0.25,2020-06-16,Unknown,United States,0
Navi,Bengaluru,Finance,40.00,0.25,2020-06-17,Unknown,India,0
Atlas Obscura ,New York City,Media,15.00,,2020-06-18,Unknown,United States,0
WeWork,London,Real Estate,200.00,,2020-06-19,Unknown,United Kingdom,0
Intuit,SF Bay Area,Finance,715.00,,2020-06-22,Unknown,United States,0
Gojek,Jakarta,Transportation,430.00,0.09,2020-06-23,Unknown,Indonesia,0
ScaleFactor,Austin,Finance,90.00,0.9,2020-06-23,Unknown,United States,0
Dark,SF Bay Area,Product,6.00,1,2020-06-23,Unknown,United States,0
Sonos,New York City,Consumer,174.00,0.12,2020-06-24,Unknown,United States,0
GoDaddy,Austin,Marketing,451.00,0.06,2020-06-24,Unknown,United States,0
Argo AI,Munich,Transportation,100.00,,2020-06-24,Unknown,Germany,0
Bossa Nova,SF Bay Area,Retail,61.00,,2020-06-24,Unknown,United States,0
Katerra,SF Bay Area,Construction,400.00,0.07,2020-06-26,Unknown,United States,0
Bounce,Bengaluru,Transportation,130.00,0.22,2020-06-29,Unknown,India,0
New Relic,Portland,Infrastructure,20.00,,2020-06-29,Unknown,United States,0
G2,Chicago,Marketing,17.00,0.05,2020-06-30,Unknown,United States,0
Sharethrough,SF Bay Area,Marketing,18.00,,2020-07-01,Unknown,United States,0
Havenly,Denver,Consumer,5.00,,2020-07-01,Unknown,United States,0
Kongregate,SF Bay Area,Media,12.00,,2020-07-01,Unknown,United States,0
The Wing,New York City,Real Estate,56.00,,2020-07-01,Unknown,United States,0
Funding Circle,SF Bay Area,Finance,85.00,,2020-07-08,Unknown,United States,0
Zilingo,Singapore,Retail,100.00,0.12,2020-07-09,Unknown,United States,0
PaySense,Mumbai,Finance,40.00,,2020-07-09,Unknown,India,0
Bizongo,Mumbai,Logistics,140.00,,2020-07-10,Unknown,India,0
Yelp,SF Bay Area,Consumer,63.00,,2020-07-13,Unknown,United States,0
Skyscanner,Edinburgh,Travel,300.00,0.2,2020-07-14,Unknown,Scotland,0
Optimizely,SF Bay Area,Marketing,60.00,0.15,2020-07-15,Unknown,United States,0
Curefit,Bengaluru,Fitness,120.00,,2020-07-17,Unknown,India,0
Lighter Capital,Seattle,Finance,22.00,0.49,2020-07-20,Unknown,United States,0
LinkedIn,SF Bay Area,Recruiting,960.00,0.06,2020-07-21,Unknown,United States,0
Checkr,SF Bay Area,HR,64.00,0.12,2020-07-23,Unknown,United States,0
Swiggy,Bengaluru,Food,350.00,0.05,2020-07-27,Unknown,United States,0
Zeitgold,Berlin,Finance,75.00,0.72,2020-07-27,Unknown,Germany,0
Procore,Los Angeles,Construction,180.00,0.09,2020-07-28,Unknown,United States,0
Buy.com / Rakuten,SF Bay Area,Retail,87.00,1,2020-07-30,Unknown,United States,0
Booking.com,Amsterdam,Travel,4375.00,0.25,2020-07-30,Unknown,Netherlands,0
Vesta,Atlanta,Sales,56.00,,2020-08-05,Unknown,United States,0
Thriver,Toronto,Food,75.00,0.5,2020-08-06,Unknown,Canada,0
Glossier,New York City,Retail,150.00,0.38,2020-08-07,Unknown,United States,0
Eatsy,Singapore,Food,20.00,1,2020-08-08,Unknown,Singapore,0
Mozilla,SF Bay Area,Consumer,250.00,0.25,2020-08-11,Unknown,United States,0
Shopify,Ottawa,Retail,30.00,,2020-08-14,Unknown,Canada,0
Docly,London,Healthcare,8.00,0.8,2020-08-19,Unknown,Canada,0
Superloop,Brisbane,Infrastructure,30.00,,2020-08-24,Unknown,Australia,0
Salesforce,SF Bay Area,Sales,1000.00,0.02,2020-08-26,Unknown,United States,0
MakeMyTrip,New Delhi,Travel,350.00,0.1,2020-08-31,Unknown,India,0
GoBear,Singapore,Finance,22.00,0.11,2020-09-01,Unknown,Singapore,0
Big Fish Games,Seattle,Media,250.00,,2020-09-01,Unknown,United States,0
Waze,SF Bay Area,Transportation,30.00,,2020-09-09,Unknown,United States,0
NS8,Las Vegas,Data,240.00,,2020-09-11,Unknown,United States,0
Bleacher Report,London,Media,20.00,,2020-09-11,Unknown,United Kingdom,0
Alto Pharmacy,SF Bay Area,Healthcare,47.00,0.06,2020-09-29,Unknown,United States,0
OLX India,New Delhi,Marketing,250.00,,2020-10-10,Unknown,India,0
GetYourGuide,Berlin,Travel,90.00,0.17,2020-10-14,Unknown,Germany,0
CodeCombat,SF Bay Area,Education,8.00,,2020-10-23,Unknown,United States,0
Remedy,Austin,Healthcare,82.00,,2020-10-29,Unknown,United States,0
Knotel,New York City,Real Estate,20.00,0.08,2020-10-29,Unknown,United States,0
LivePerson,New York City,Support,30.00,,2020-11-01,Unknown,United States,0
Worksmith,Austin,Retail,30.00,0.5,2020-11-09,Unknown,United States,0
Bridge Connector,Nashville,Healthcare,154.00,1,2020-11-17,Unknown,United States,0
Tidepool,SF Bay Area,Healthcare,18.00,0.4,2020-11-17,Unknown,United States,0
Aya,Toronto,Finance,5.00,0.25,2020-11-19,Unknown,Canada,0
OYO,Gurugram,Travel,600.00,,2020-12-08,Unknown,India,0
Breather,Montreal,Real Estate,120.00,0.8,2020-12-16,Unknown,Canada,0
Actifio,Boston,Data,54.00,,2020-12-16,Unknown,United States,0
Pulse Secure,SF Bay Area,Security,78.00,,2020-12-23,Unknown,United States,0
WhiteHat Jr,Mumbai,Education,1800.00,,2021-01-06,Unknown,India,0
Dropbox,SF Bay Area,Other,315.00,0.15,2021-01-13,Unknown,United States,0
Pocketmath,Singapore,Marketing,21.00,1,2021-01-20,Unknown,Singapore,0
Instacart,SF Bay Area,Food,1877.00,,2021-01-21,Unknown,United States,0
Postmates,SF Bay Area,Food,180.00,0.15,2021-01-23,Unknown,United States,0
Shutterfly,SF Bay Area,Retail,800.00,,2021-01-25,Unknown,United States,0
Bytedance,Mumbai,Consumer,1800.00,,2021-01-27,Unknown,India,0
Privitar,London,Data,20.00,,2021-01-27,Unknown,United Kingdom,0
Hubba,Toronto,Retail,45.00,1,2021-02-01,Unknown,Canada,0
Quandoo,Berlin,Food,87.00,0.2,2021-02-03,Unknown,Germany,0
Limelight,New York City,Recruiting,13.00,,2021-02-04,Unknown,United States,0
ThredUp,Chicago,Retail,243.00,,2021-02-09,Unknown,United States,0
Indigo,Boston,Other,80.00,,2021-02-09,Unknown,United States,0
Bounce,Bengaluru,Transportation,200.00,0.4,2021-02-22,Unknown,India,0
Ninjacart,Bengaluru,Food,200.00,,2021-02-23,Unknown,India,0
HuffPo,New York City,Media,47.00,,2021-03-09,Unknown,United States,0
New Relic,SF Bay Area,Infrastructure,160.00,0.07,2021-04-06,Unknown,United States,0
Patreon,SF Bay Area,Media,36.00,,2021-04-26,Unknown,United States,0
Lambda School,SF Bay Area,Education,65.00,,2021-04-29,Unknown,United States,0
Katerra,SF Bay Area,Construction,2434.00,1,2021-06-01,Unknown,United States,0
Pagarbook,Bengaluru,HR,80.00,,2021-07-26,Unknown,India,0
Bytedance,Bengaluru,Consumer,1800.00,,2021-08-05,Unknown,China,0
Flockjay,SF Bay Area,Education,37.00,0.5,2021-08-24,Unknown,United States,0
Tanium,Seattle,Security,30.00,,2021-08-30,Unknown,United States,0
Treehouse,Portland,Education,41.00,0.9,2021-09-14,Unknown,United States,0
Zymergen,SF Bay Area,Other,120.00,,2021-09-23,Unknown,United States,0
InVision,New York City,Product,22.00,,2021-10-05,Unknown,United States,0
Zillow,Seattle,Real Estate,2000.00,0.25,2021-11-02,Unknown,United States,0
BitTitan,Seattle,Data,70.00,0.27,2021-11-18,Unknown,United States,0
Better.com,New York City,Real Estate,900.00,0.09,2021-12-01,Unknown,United States,0
Delivery Hero,Berlin,Food,300.00,,2021-12-22,Unknown,Germany,0
Spin,SF Bay Area,Transportation,,0.25,2022-01-08,Acquired,United States,8
Root Insurance,Columbus,Finance,330.00,,2022-01-20,Post-IPO,United States,527
Protonn,Bengaluru,Other,,1,2022-01-20,Seed,India,9
Gopuff,Philadelphia,Food,100.00,,2022-01-26,Series H,United States,3400
Glossier,New York City,Consumer,80.00,0.33,2022-01-26,Series E,United States,266
Rhino,New York City,Real Estate,57.00,0.2,2022-02-03,Unknown,United States,133
Defined.ai,Seattle,Data,,,2022-02-07,Series B,United States,78
Peloton,New York City,Fitness,2800.00,0.2,2022-02-08,Post-IPO,United States,1900
Hopin,London,Other,138.00,0.12,2022-02-10,Series D,United States,1000
Daily Harvest,New York City,Food,60.00,0.2,2022-02-10,Series D,United States,120
Homie,Salt Lake City,Real Estate,119.00,0.29,2022-02-14,Series B,United States,35
Liv Up,Sao Paulo,Food,100.00,0.15,2022-02-16,Series D,Brazil,118
Trustly,Stockholm,Finance,120.00,,2022-02-17,Acquired,Sweden,28
Lido,Mumbai,Education,150.00,,2022-02-21,Series A,India,24
Virgin Hyperloop,Los Angeles,Transportation,111.00,0.5,2022-02-21,Unknown,United States,368
OKCredit,New Delhi,Finance,30.00,,2022-02-24,Series B,India,85
iFit,Logan,Fitness,,,2022-02-25,Private Equity,United States,200
Wish,SF Bay Area,Retail,190.00,0.15,2022-03-01,Post-IPO,United States,1600
WeDoctor,Non-U.S.,Healthcare,500.00,,2022-03-02,Series F,China,1400
Hyperscience,New York City,Data,100.00,0.25,2022-03-03,Series E,United States,289
Better.com,New York City,Real Estate,3000.00,0.33,2022-03-08,Unknown,United States,905
Adaptive Biotechnologies,Seattle,Healthcare,100.00,0.12,2022-03-08,Post-IPO,United States,406
Sezzle,Minneapolis,Finance,,0.2,2022-03-10,Post-IPO,United States,301
Trell,Bengaluru,Retail,300.00,0.5,2022-03-15,Series B,India,62
Knock,New York City,Real Estate,115.00,0.46,2022-03-15,Unknown,United States,654
Talis Biomedical,SF Bay Area,Healthcare,,0.25,2022-03-15,Post-IPO,United States,8
Curology,SF Bay Area,Healthcare,150.00,,2022-03-16,Series D,United States,19
Storytel,Stockholm,Media,100.00,0.1,2022-03-17,Post-IPO,Sweden,275
Grove Collaborative,SF Bay Area,Retail,,0.17,2022-03-19,Series E,United States,474
Furlenco,Bengaluru,Retail,180.00,,2022-03-26,Series D,India,228
Gopuff,Philadelphia,Food,450.00,0.03,2022-03-29,Series H,United States,3400
Thinkific,Vancouver,Education,100.00,0.2,2022-03-29,Post-IPO,Canada,22
Sea,Bengaluru,Retail,350.00,,2022-03-30,Post-IPO,India,8600
Rasa,Berlin,Data,59.00,0.4,2022-03-30,Series B,Germany,40
Lightico,Tel Aviv,Finance,20.00,,2022-03-31,Series B,Israel,42
BitMEX,Non-U.S.,Crypto,75.00,0.25,2022-04-04,Seed,Seychelles,0
Legible,Vancouver,Media,23.00,0.38,2022-04-04,Post-IPO,Canada,3
Workrise,Austin,Energy,450.00,,2022-04-05,Series E,United States,752
Fast,SF Bay Area,Finance,,1,2022-04-05,Series B,United States,124
Unacademy,Bengaluru,Education,1000.00,0.17,2022-04-07,Series H,India,838
Goodfood,Calgary,Food,70.00,,2022-04-07,Post-IPO,Canada,16
Food52,New York City,Food,20.00,0.1,2022-04-08,Acquired,United States,176
Meesho,Bengaluru,Retail,150.00,,2022-04-11,Series F,India,1100
Rad Power Bikes,Seattle,Transportation,100.00,0.14,2022-04-12,Series D,United States,329
Ahead,SF Bay Area,Healthcare,44.00,1,2022-04-14,Unknown,United States,9
Truepill,SF Bay Area,Healthcare,,,2022-04-14,Series D,United States,255
Humble,SF Bay Area,Media,10.00,,2022-04-15,Acquired,United States,4
Halcyon Health,New York City,Healthcare,,1,2022-04-15,Unknown,United States,2
Automox,Boulder,Infrastructure,,0.11,2022-04-18,Series C,United States,152
Blend,SF Bay Area,Finance,200.00,0.1,2022-04-19,Post-IPO,United States,665
QuintoAndar,Sao Paulo,Real Estate,160.00,0.04,2022-04-19,Series E,Brazil,755
Loft,Sao Paulo,Real Estate,159.00,,2022-04-19,Unknown,Brazil,788
Better.com,New York City,Real Estate,,,2022-04-19,Unknown,United States,905
Facily,Sao Paulo,Retail,260.00,0.3,2022-04-20,Series D,Brazil,502
Lemonade,New York City,Finance,52.00,,2022-04-20,Post-IPO,United States,481
Xiaohongshu,Shanghai,Consumer,180.00,0.09,2022-04-21,Series E,China,917
Sigfox,Toulouse,Other,64.00,,2022-04-25,Acquired,France,277
Clyde,New York City,Marketing,22.00,,2022-04-25,Series B,United States,58
Robinhood,SF Bay Area,Finance,340.00,0.09,2022-04-26,Post-IPO,United States,5600
Bonsai,Toronto,Retail,29.00,0.34,2022-04-26,Series A,Canada,27
Wahoo Fitness,Atlanta,Fitness,50.00,,2022-04-27,Unknown,United States,
Domestika,SF Bay Area,Education,150.00,0.19,2022-04-28,Series D,United States,130
Netflix,SF Bay Area,Media,25.00,,2022-04-28,Post-IPO,United States,121900
Noom,New York City,Healthcare,495.00,,2022-04-29,Series F,United States,657
Avo,Tel Aviv,Food,500.00,0.67,2022-05-01,Series B,Israel,45
Thrasio,Boston,Retail,,,2022-05-02,Unknown,United States,3400
SEND,Sydney,Food,300.00,1,2022-05-04,Seed,Australia,3
Colossus,Boston,Energy,97.00,,2022-05-04,Series A,United States,41
Cameo,Chicago,Consumer,87.00,0.25,2022-05-04,Unknown,United States,165
Mainstreet,SF Bay Area,Finance,45.00,0.3,2022-05-04,Series A,United States,64
Ideoclick,Seattle,Retail,40.00,,2022-05-04,Series A,United States,7
Vise,New York City,Finance,25.00,,2022-05-04,Series C,United States,128
Bizpay,Sydney,Finance,,0.3,2022-05-04,Unknown,Australia,45
Vedantu,Bengaluru,Education,200.00,0.03,2022-05-05,Series E,India,292
Progrexion,Salt Lake City,Finance,100.00,,2022-05-05,Acquired,United States,202
Mural,SF Bay Area,Product,90.00,0.1,2022-05-05,Series C,United States,192
On Deck,SF Bay Area,Education,72.00,0.25,2022-05-05,Series A,United States,20
Reef,Miami,Transportation,750.00,0.05,2022-05-06,Unknown,United States,1500
divvyDOSE,Davenport,Healthcare,62.00,,2022-05-06,Acquired,United States,0
Meero,Paris,Other,350.00,0.5,2022-05-09,Series C,France,293
Vroom,New York City,Transportation,270.00,0.14,2022-05-09,Post-IPO,United States,1300
Carvana,Phoenix,Transportation,2500.00,0.12,2022-05-10,Post-IPO,United States,1600
Doma,SF Bay Area,Finance,310.00,0.15,2022-05-10,Post-IPO,United States,679
Pollen,London,Travel,200.00,0.33,2022-05-10,Series C,United Kingdom,238
Latch,New York City,Security,30.00,0.06,2022-05-10,Post-IPO,United States,342
DataRobot,Boston,Data,70.00,0.07,2022-05-11,Series G,United States,1000
Zwift,Los Angeles,Fitness,150.00,,2022-05-12,Series C,United States,619
Section4,New York City,Education,32.00,,2022-05-12,Series A,United States,37
Tripwire,Portland,Security,,,2022-05-12,Acquired,United States,29
CommonBond,New York City,Finance,22.00,,2022-05-13,Series D,United States,130
Subspace,Los Angeles,Infrastructure,,1,2022-05-13,Series B,United States,
AliExpress Russia,Moscow,Retail,400.00,0.4,2022-05-14,Acquired,Russia,60
Thirty Madison,New York City,Healthcare,24.00,,2022-05-14,Acquired,United States,209
Zak,Sao Paulo,Food,100.00,0.4,2022-05-16,Series A,United States,29
Zulily,Seattle,Retail,,,2022-05-16,Acquired,United States,194
Netflix,SF Bay Area,Media,150.00,0.01,2022-05-17,Post-IPO,United States,121900
Kry,Stockholm,Healthcare,100.00,0.1,2022-05-17,Series D,Sweden,568
Picsart,Miami,Consumer,90.00,0.08,2022-05-17,Series C,United States,195
Vedantu,Bengaluru,Education,424.00,0.07,2022-05-18,Series E,India,292
Cars24,Gurugram,Transportation,600.00,0.06,2022-05-19,Series G,India,1300
Latch,New York City,Security,130.00,0.28,2022-05-20,Post-IPO,United States,342
Outside,Boulder,Media,87.00,0.15,2022-05-20,Series B,United States,174
Skillz,SF Bay Area,Consumer,70.00,0.1,2022-05-20,Post-IPO,United States,287
MFine,Bengaluru,Healthcare,600.00,0.75,2022-05-21,Series C,India,97
Klarna,Stockholm,Finance,700.00,0.1,2022-05-23,Unknown,Sweden,3700
PayPal,SF Bay Area,Finance,83.00,,2022-05-23,Post-IPO,United States,216
Buenbit,Buenos Aires,Crypto,80.00,0.45,2022-05-23,Series A,Argentina,11
BeyondMinds,Tel Aviv,Data,65.00,1,2022-05-23,Series A,Israel,16
ClickUp,San Diego,Other,60.00,0.07,2022-05-23,Series C,United States,537
Airtime,New York City,Consumer,30.00,0.2,2022-05-23,Series B,United States,33
Olist,Curitiba,Retail,,,2022-05-23,Series E,Brazil,322
Gorillas,Berlin,Food,300.00,0.5,2022-05-24,Series C,Germany,1300
Zenius,Jakarta,Education,200.00,,2022-05-24,Series B,Indonesia,20
The Zebra,Austin,Finance,40.00,,2022-05-24,Series D,United States,256
Lacework,SF Bay Area,Security,300.00,0.2,2022-05-25,Series D,United States,1900
Bolt,SF Bay Area,Finance,240.00,0.27,2022-05-25,Series E,United States,1300
PeerStreet,Los Angeles,Finance,75.00,,2022-05-25,Series C,United States,121
Kontist,Berlin,Finance,50.00,0.25,2022-05-25,Series B,Germany,53
Nuri,Berlin,Finance,45.00,0.2,2022-05-25,Series B,Germany,42
Coterie Insurance,Cincinnati,Finance,30.00,0.2,2022-05-25,Series B,United States,70
Airlift,Lahore,Logistics,,0.31,2022-05-25,Series B,Pakistan,109
Getir,Istanbul,Food,,0.14,2022-05-25,Series E,Turkey,1800
Zapp,London,Food,,0.1,2022-05-25,,United Kingdom,300
VTEX,Sao Paulo,Retail,200.00,0.13,2022-05-26,Post-IPO,Brazil,365
Bitso,Mexico City,Crypto,80.00,0.11,2022-05-26,Series C,Mexico,378
Foodpanda,Bucharest,Food,80.00,,2022-05-26,Acquired,Romania,749
Dazn,London,Consumer,50.00,0.02,2022-05-26,Unknown,United Kingdom,
FrontRow,Bengaluru,Education,145.00,0.3,2022-05-27,Series A,India,17
Daloopa,New Delhi,Data,40.00,,2022-05-27,Series A,India,23
Uncapped,London,Finance,29.00,0.26,2022-05-27,Unknown,United Kingdom,118
Akerna,Denver,Logistics,,,2022-05-27,Unknown,United States,46
Terminus,Atlanta,Marketing,,,2022-05-27,Series C,United States,120
Terminus,Atlanta,Marketing,,,2022-05-27,Unknown,United States,192
SWVL,Dubai,Transportation,400.00,0.32,2022-05-30,Post-IPO,United Arab Emirates,132
Mobile Premier League,Bengaluru,Consumer,100.00,0.1,2022-05-30,Series E,India,375
SumUp,Sao Paulo,Finance,100.00,0.03,2022-05-30,Unknown,Brazil,50
Tempus Ex,SF Bay Area,Data,,,2022-05-30,Unknown,United States,36
Playtika,Tel Aviv,Consumer,250.00,0.06,2022-05-31,Post-IPO,Israel,
Replicated,Los Angeles,Infrastructure,50.00,,2022-05-31,Series C,United States,85
Tomo,Stamford,Finance,44.00,0.33,2022-05-31,Series A,United States,110
Getta,Tel Aviv,Transportation,30.00,,2022-05-31,Series A,Israel,49
BookClub,Salt Lake City,Education,12.00,0.25,2022-05-31,Series A,United States,26
Cerebral,SF Bay Area,Healthcare,,,2022-05-31,Series C,United States,462
TomTom,Amsterdam,Transportation,500.00,0.1,2022-06-01,Post-IPO,Netherlands,
Cybereason,Boston,Security,100.00,0.06,2022-06-01,Series F,United States,750
Udayy,Gurugram,Education,100.00,1,2022-06-01,Seed,India,2
2TM,Sao Paulo,Crypto,90.00,0.12,2022-06-01,Unknown,Brazil,250
Curve,London,Finance,65.00,0.1,2022-06-01,Series C,United Kingdom,182
Loom,SF Bay Area,Product,34.00,0.14,2022-06-01,Series C,United States,203
Skillshare,New York City,Education,31.00,,2022-06-01,Unknown,United States,136
Impala,London,Travel,30.00,0.35,2022-06-01,Series B,United Kingdom,32
Eaze,SF Bay Area,Consumer,25.00,,2022-06-01,Series D,United States,202
Side,SF Bay Area,Real Estate,,0.1,2022-06-01,Unknown,United States,313
Truck It In,Karachi,Logistics,,0.3,2022-06-01,Seed,Pakistan,17
Carbon Health,SF Bay Area,Healthcare,250.00,0.08,2022-06-02,Series D,United States,522
Favo,Sao Paulo,Food,170.00,,2022-06-02,Series A,Brazil,31
PolicyGenius,New York City,Finance,170.00,0.25,2022-06-02,Series E,United States,286
Yojak,Gurugram,Construction,140.00,0.5,2022-06-02,Seed,India,3
Envato,Melbourne,Marketing,100.00,,2022-06-02,Unknown,Australia,
Gemini,New York City,Crypto,100.00,0.1,2022-06-02,Unknown,United States,423
Stord,Atlanta,Logistics,59.00,0.08,2022-06-02,Series D,United States,325
Gather,SF Bay Area,Consumer,30.00,0.33,2022-06-02,Series B,United States,76
Shef,SF Bay Area,Food,29.00,,2022-06-02,Series A,United States,28
IRL,SF Bay Area,Consumer,25.00,0.25,2022-06-02,Series C,United States,197
Esme Learning,Boston,Education,,,2022-06-02,Unknown,United States,37
Kaodim,Selangor,Consumer,,1,2022-06-02,Series B,United States,17
Rain,Manama,Finance,,,2022-06-02,Series B,Bahrain,202
Afterverse,Brasilia,Consumer,60.00,0.2,2022-06-03,Unknown,Brazil,
Superhuman,SF Bay Area,Consumer,23.00,0.22,2022-06-03,Series C,United States,108
Food52,New York City,Food,21.00,0.15,2022-06-03,Acquired,United States,176
5B Solar,Sydney,Energy,,0.25,2022-06-03,Series A,Australia,12
Clubhouse,SF Bay Area,Consumer,,,2022-06-03,Series C,United States,110
Tesla,Austin,Transportation,,0.1,2022-06-03,Post-IPO,United States,20200
Eruditus,Mumbai,Education,40.00,,2022-06-04,Series E,India,1200
Clearco,Toronto,Finance,60.00,,2022-06-06,Series C,Canada,681
Dutchie,Bend,Other,50.00,0.07,2022-06-06,Series D,United States,603
Clearco,Dublin,Finance,,,2022-06-06,Series C,Ireland,681
Deep Instinct,New York City,Security,,0.1,2022-06-06,Series D,United States,259
Sendoso,SF Bay Area,Marketing,,0.14,2022-06-06,Series C,United States,152
Cazoo,London,Transportation,750.00,0.15,2022-06-07,Post-IPO,United Kingdom,2000
Cazoo,London,Transportation,750.00,0.15,2022-06-07,Post-IPO,United Kingdom,2000
Rupeek,Bengaluru,Finance,180.00,0.15,2022-06-07,Unknown,India,172
Lummo,Jakarta,Marketing,150.00,,2022-06-07,Series C,Indonesia,149
Bird,Los Angeles,Transportation,138.00,0.23,2022-06-07,Post-IPO,United States,783
ID.me,Washington D.C.,Security,130.00,,2022-06-07,Unknown,United States,275
KiwiCo,SF Bay Area,Retail,40.00,,2022-06-07,Unknown,United States,11
Bond,SF Bay Area,Finance,,,2022-06-07,Series A,United States,42
CyberCube,SF Bay Area,Finance,,,2022-06-07,Series B,United States,35
Propzy,Ho Chi Minh City,Real Estate,,0.5,2022-06-07,Series A,Vietnam,33
Sonder,SF Bay Area,Travel,250.00,0.21,2022-06-08,Post-IPO,United States,839
Kavak,Sao Paulo,Transportation,150.00,,2022-06-08,Series E,Brazil,1600
Truepill,SF Bay Area,Healthcare,150.00,0.15,2022-06-08,Series D,United States,255
iPrice Group,Kuala Lumpur,Retail,50.00,0.2,2022-06-08,Unknown,Malaysia,26
Memmo,Stockholm,Consumer,,0.4,2022-06-08,Unknown,Sweden,24
OneTrust,Atlanta,Security,950.00,0.25,2022-06-09,Series C,United States,926
Stitch Fix,SF Bay Area,Retail,330.00,0.15,2022-06-09,Post-IPO,United States,79
Daniel Wellington,Stockholm,Retail,200.00,0.15,2022-06-09,Unknown,Sweden,
Convoy,Seattle,Logistics,90.00,0.07,2022-06-09,Series E,United States,1100
Hologram,Chicago,Infrastructure,80.00,0.4,2022-06-09,Series B,United States,82
Boozt,Malmo,Retail,70.00,0.05,2022-06-09,Post-IPO,Sweden,56
The Grommet,Boston,Retail,40.00,1,2022-06-09,Acquired,United States,5
Stashaway,Singapore,Finance,31.00,0.14,2022-06-09,Series D,Singapore,61
Preply,Boston,Education,26.00,0.05,2022-06-09,Series C,United States,100
Jellysmack,New York City,Media,,0.08,2022-06-09,Series C,United States,22
Starship,SF Bay Area,Transportation,,0.11,2022-06-09,Series B,United States,197
Trade Republic,Berlin,Finance,,,2022-06-09,Series C,Germany,1200
Crypto.com,Singapore,Crypto,260.00,0.05,2022-06-10,Unknown,Singapore,156
FarEye,New Delhi,Logistics,250.00,0.3,2022-06-10,Series E,India,150
Berlin Brands Group,Berlin,Retail,100.00,0.1,2022-06-10,Unknown,Germany,1000
Sanar,Sao Paulo,Healthcare,60.00,0.2,2022-06-10,Unknown,Brazil,11
Freetrade,London,Finance,45.00,0.15,2022-06-10,Unknown,United Kingdom,133
Albert,Los Angeles,Finance,20.00,0.08,2022-06-10,Series C,United States,175
Keepe,Seattle,Real Estate,,,2022-06-10,Unknown,United States,6
Liongard,Houston,Infrastructure,,,2022-06-10,Series B,United States,22
Ziroom,Beijing,Real Estate,,0.2,2022-06-10,Unknown,China,2100
BlockFi,New York City,Crypto,250.00,0.2,2022-06-13,Series E,United States,1000
Wave Sports and Entertainment,Los Angeles,Media,56.00,0.33,2022-06-13,Series B,United States,65
Studio,SF Bay Area,Education,33.00,0.4,2022-06-13,Series B,United States,50
Automox,Boulder,Infrastructure,,,2022-06-13,Series C,United States,152
Desktop Metal,Boston,Other,,0.12,2022-06-13,Post-IPO,United States,811
Coinbase,SF Bay Area,Crypto,1100.00,0.18,2022-06-14,Post-IPO,United States,549
Redfin,Seattle,Real Estate,470.00,0.08,2022-06-14,Post-IPO,United States,319
Compass,New York City,Real Estate,450.00,0.1,2022-06-14,Post-IPO,United States,1600
Sami,Sao Paulo,Healthcare,75.00,0.15,2022-06-14,Unknown,Brazil,36
Breathe,New Delhi,Healthcare,50.00,0.33,2022-06-14,Series A,India,6
Hunty,Bogota,HR,30.00,,2022-06-14,Seed,Colombia,6
TIFIN,Boulder,Crypto,24.00,0.1,2022-06-14,Series D,United States,204
Addi,Bogota,Finance,,,2022-06-14,Series C,Colombia,376
Shopee,Singapore,Food,,,2022-06-14,Unknown,Singapore,
Swappie,Helsinki,Retail,250.00,0.17,2022-06-15,Series C,Finland,169
Wealthsimple,Toronto,Finance,159.00,0.13,2022-06-15,Unknown,Canada,900
Weee!,SF Bay Area,Food,150.00,0.1,2022-06-15,Series E,United States,863
Notarize,Boston,Legal,110.00,0.25,2022-06-15,Series D,United States,213
Elementor,Tel Aviv,Media,60.00,0.15,2022-06-15,Unknown,Israel,65
Tonkean,SF Bay Area,Other,23.00,0.23,2022-06-15,Series B,United States,83
Airtame,Copenhagen,Consumer,15.00,,2022-06-15,Unknown,Denmark,7
OpenWeb,Tel Aviv,Media,14.00,0.05,2022-06-15,Series E,Israel,223
Swyft,Toronto,Logistics,10.00,0.3,2022-06-15,Series A,Canada,20
Crehana,Lima,Education,,,2022-06-15,Series B,Peru,93
JetClosing,Seattle,Real Estate,,1,2022-06-15,Series B,United States,44
JOKR,New York City,Food,50.00,0.05,2022-06-16,Series B,United States,430
Zumper,SF Bay Area,Real Estate,45.00,0.15,2022-06-16,Series D,United States,178
PharmEasy,Mumbai,Healthcare,40.00,,2022-06-16,Unknown,India,1600
Circulo Health,Columbus,Healthcare,,0.5,2022-06-16,Series A,United States,50
Bytedance,Shanghai,Consumer,150.00,,2022-06-17,Unknown,China,9400
Socure,Reno,Finance,69.00,0.13,2022-06-17,Series E,United States,646
Finite State,Columbus,Security,16.00,0.2,2022-06-17,Series B,United States,49
Unacademy,Bengaluru,Education,150.00,0.03,2022-06-18,Series H,India,838
CityMall,Gurugram,Retail,191.00,0.3,2022-06-19,Series C,India,112
BitOasis,Dubai,Crypto,9.00,0.05,2022-06-19,Series B,United Arab Emirates,30
Bybit,Singapore,Crypto,600.00,0.3,2022-06-20,Unknown,Singapore,
SummerBio,SF Bay Area,Healthcare,101.00,1,2022-06-20,Unknown,United States,7
Trax,Singapore,Retail,100.00,0.12,2022-06-20,Series E,Singapore,1000
Aqgromalin,Chennai,Food,80.00,0.3,2022-06-20,Unknown,India,12
Bonsai,Toronto,Retail,30.00,0.55,2022-06-20,Series A,Canada,27
Brighte,Sydney,Energy,30.00,0.15,2022-06-20,Series C,Australia,145
Buzzer,New York City,Media,,0.2,2022-06-20,Unknown,United States,32
Bybit,Singapore,Crypto,,,2022-06-20,Unknown,Singapore,
Ebanx,Curitiba,Finance,340.00,0.2,2022-06-21,Series B,Brazil,460
TaskUs,Los Angeles,Support,52.00,0,2022-06-21,Post-IPO,United States,279
Community,Los Angeles,Marketing,40.00,0.3,2022-06-21,Unknown,United States,40
Sourcegraph,SF Bay Area,Product,24.00,0.08,2022-06-21,Series D,United States,248
Frubana,Bogota,Food,,0.03,2022-06-21,Series C,Colombia,202
SuperLearn,Bengaluru,Education,,1,2022-06-21,Seed,India,0
Tray.io,SF Bay Area,Data,,0.1,2022-06-21,Series C,United States,109
MasterClass,SF Bay Area,Education,120.00,0.2,2022-06-22,Series E,United States,461
IronNet,Washington D.C.,Security,90.00,0.35,2022-06-22,Post-IPO,United States,410
Bungalow,SF Bay Area,Real Estate,70.00,,2022-06-22,Series C,United States,171
IronNet,Washington D.C.,Security,55.00,0.17,2022-06-22,Post-IPO,United States,410
Sprinklr,New York City,Support,50.00,,2022-06-22,Post-IPO,United States,429
Superpedestrian,Boston,Transportation,35.00,0.07,2022-06-22,Series C,United States,261
Voi,Stockholm,Transportation,35.00,0.1,2022-06-22,Series D,United States,515
Balto,St. Louis,Sales,30.00,,2022-06-22,Series B,United States,51
Ritual,Toronto,Food,23.00,0.16,2022-06-22,Series C,Canada,134
Mindgeek,Luxembourg,Media,,,2022-06-22,Unknown,Luxembourg,
Voly,Sydney,Food,,0.5,2022-06-22,Seed,Australia,13
Netflix,SF Bay Area,Media,300.00,0.03,2022-06-23,Post-IPO,United States,121900
Aura,Boston,Security,70.00,0.09,2022-06-23,Series F,United States,500
Pipl,Spokane,Security,22.00,0.13,2022-06-23,Unknown,United States,19
Vouch,SF Bay Area,Finance,15.00,0.07,2022-06-23,Series C,United States,159
Voyage SMS,Los Angeles,Marketing,8.00,0.13,2022-06-23,Unknown,United States,10
Esper,Seattle,Other,,0.12,2022-06-23,Series A,United States,10
Kune,Nairobi,Food,,1,2022-06-23,Seed,Kenya,1
Mark43,New York City,Other,,,2022-06-23,Series E,United States,229
Orchard,New York City,Real Estate,,0.1,2022-06-23,Series D,United States,472
Ro,New York City,Healthcare,,0.18,2022-06-23,Unknown,United States,1000
StreamElements,Tel Aviv,Media,,0.2,2022-06-23,Series B,Israel,111
Bitpanda,Vienna,Crypto,270.00,0.27,2022-06-24,Series C,Austria,546
Sunday,Atlanta,Finance,90.00,0.23,2022-06-24,Series A,United States,124
Bestow,Dallas,Finance,41.00,0.14,2022-06-24,Series C,United States,137
Ethos Life,SF Bay Area,Finance,40.00,0.12,2022-06-24,Series D,United States,406
Feather,New York City,Retail,,,2022-06-24,Unknown,United States,76
Give Legacy,Boston,Healthcare,,,2022-06-24,Series B,United States,45
Postscript,SF Bay Area,Marketing,43.00,,2022-06-26,Series C,United States,106
AppLovin,SF Bay Area,Marketing,300.00,0.12,2022-06-27,Post-IPO,United States,1600
UiPath,New York City,Data,210.00,0.05,2022-06-27,Post-IPO,United States,2000
Udaan,Bengaluru,Retail,180.00,0.04,2022-06-27,Unknown,India,1500
Cue,San Diego,Healthcare,170.00,,2022-06-27,Post-IPO,United States,999
Banxa,Melbourne,Crypto,70.00,0.3,2022-06-27,Post-IPO,Australia,13
SafeGraph,SF Bay Area,Data,27.00,0.25,2022-06-27,Series B,United States,61
Amount,Chicago,Finance,,0.18,2022-06-27,Unknown,United States,283
Huobi,Beijing,Crypto,300.00,0.3,2022-06-28,Unknown,China,2
WhiteHat Jr,Mumbai,Education,300.00,,2022-06-28,Acquired,India,11
StockX,Detroit,Retail,120.00,0.08,2022-06-28,Series E,United States,690
Sidecar Health,Los Angeles,Healthcare,110.00,0.4,2022-06-28,Series C,United States,163
StockX,Detroit,Retail,80.00,,2022-06-28,Series E,United States,690
Vezeeta,Dubai,Healthcare,50.00,0.1,2022-06-28,Series D,United Arab Emirates,71
Bright Machines,SF Bay Area,Data,30.00,0.08,2022-06-28,Unknown,Israel,250
HealthMatch,Sydney,Healthcare,18.00,0.5,2022-06-28,Series B,Australia,20
Booktopia,Sydney,Retail,,,2022-06-28,Series A,Australia,23
Nova Benefits,Bengaluru,Healthcare,,0.3,2022-06-28,Series B,India,41
Una Brands,Singapore,Retail,,0.1,2022-06-28,Series A,Singapore,55
Toppr,Mumbai,Education,350.00,,2022-06-29,Acquired,India,112
Unity,SF Bay Area,Other,200.00,0.04,2022-06-29,Post-IPO,United States,1300
Niantic,SF Bay Area,Consumer,85.00,0.08,2022-06-29,Series D,United States,770
AvantStay,Los Angeles,Travel,80.00,,2022-06-29,Unknown,United States,811
Qumulo,Seattle,Data,80.00,0.19,2022-06-29,Series E,United States,347
Clutch,Toronto,Transportation,76.00,0.22,2022-06-29,Series B,Canada,153
Parallel Wireless,Nashua,Infrastructure,60.00,,2022-06-29,Unknown,United States,8
Oye Rickshaw,New Delhi,Transportation,40.00,0.2,2022-06-29,Unknown,India,13
Rows,Berlin,Other,18.00,0.3,2022-06-29,Series B,Germany,25
Baton,SF Bay Area,Transportation,16.00,0.25,2022-06-29,Series A,United States,13
Substack,SF Bay Area,Media,13.00,0.14,2022-06-29,Series B,United States,82
CommentSold,Huntsville,Retail,,,2022-06-29,Unknown,United States,
Degreed,SF Bay Area,Education,,0.15,2022-06-29,Series D,United States,411
HomeLight,SF Bay Area,Real Estate,,0.19,2022-06-29,Series D,United States,743
Modsy,SF Bay Area,Retail,,,2022-06-29,Series C,United States,72
Volt Bank,Sydney,Finance,,1,2022-06-29,Series E,Australia,90
Enjoy,SF Bay Area,Retail,400.00,0.18,2022-06-30,Post-IPO,United States,310
Crejo.Fun,Bengaluru,Education,170.00,1,2022-06-30,Seed,India,3
Stash Financial,New York City,Finance,40.00,0.08,2022-06-30,Unknown,United States,480
Nate,New York City,Retail,30.00,0.2,2022-06-30,Series A,United States,47
Snyk,Boston,Security,30.00,,2022-06-30,Series F,United States,849
Stream,Boulder,Product,20.00,0.12,2022-06-30,Series B,United States,58
Finleap Connect,Hamburg,Finance,14.00,0.1,2022-06-30,Series A,Germany,22
Abra,SF Bay Area,Crypto,12.00,0.05,2022-06-30,Series C,United States,106
Gavelytics,Los Angeles,Legal,,1,2022-06-30,Seed,United States,5
Secfi,SF Bay Area,Finance,,,2022-06-30,Series A,United States,7
Sundae,SF Bay Area,Real Estate,,0.15,2022-06-30,Series C,United States,135
WanderJaunt,SF Bay Area,Travel,85.00,1,2022-07-01,Series B,United States,26
Canoo,Los Angeles,Transportation,58.00,0.06,2022-07-01,Post-IPO,United States,300
Bamboo Health,Louisville,Healthcare,52.00,,2022-07-01,Unknown,United States,
Teleport,SF Bay Area,Infrastructure,15.00,0.06,2022-07-01,Series C,United States,169
Remesh,New York City,Support,,,2022-07-01,Series A,United States,38
LetsGetChecked,New York City,Healthcare,,,2022-07-02,Series D,United States,263
Perx Health,Sydney,Healthcare,,,2022-07-02,Seed,Australia,2
Zepto,Brisbane,Finance,,0.1,2022-07-02,Series A,Australia,25
Gorillas,Berlin,Food,540.00,,2022-07-03,Series C,Germany,1300
Celsius,New York City,Crypto,150.00,0.25,2022-07-03,Series B,United States,864
Lightricks,Jerusalem,Consumer,80.00,0.12,2022-07-04,Series D,Israel,335
Chessable,London,Consumer,29.00,,2022-07-04,Acquired,United Kingdom,0
Sendle,Sydney,Logistics,27.00,0.12,2022-07-04,Series C,Australia,69
Lendis,Berlin,Other,18.00,0.15,2022-07-04,Series A,Germany,90
Airtasker,Sydney,Consumer,,,2022-07-04,Series C,Australia,26
Loft,Sao Paulo,Real Estate,384.00,0.12,2022-07-05,Unknown,Brazil,788
Bizzabo,New York City,Marketing,120.00,0.3,2022-07-05,Series E,United States,194
eToro,Tel Aviv,Finance,100.00,0.06,2022-07-05,Unknown,Israel,322
Verbit,New York City,Data,80.00,0.1,2022-07-05,Series E,United States,569
Outschool,SF Bay Area,Education,31.00,0.18,2022-07-05,Series D,United States,240
Bullish,Hong Kong,Crypto,30.00,0.08,2022-07-05,Unknown,Hong Kong,300
Transmit Security,Boston,Security,27.00,0.07,2022-07-05,Series A,United States,583
Thimble,New York City,Finance,20.00,0.33,2022-07-05,Series A,United States,28
Syte,Tel Aviv,Retail,13.00,0.08,2022-07-05,Series C,Israel,71
Remote,SF Bay Area,HR,100.00,0.09,2022-07-06,Series C,United States,496
Shopify,Ottawa,Retail,50.00,,2022-07-06,Post-IPO,Canada,122
Anodot,Tel Aviv,Data,35.00,0.27,2022-07-06,Series C,United States,64
SQream,New York City,Data,30.00,0.18,2022-07-06,Series B,United States,77
Anodot,Tel Aviv,Data,15.00,0.2,2022-07-06,Series C,United States,64
Motif Foodworks,Boston,Food,,,2022-07-06,Series B,United States,344
Argo AI,Pittsburgh,Transportation,150.00,0.05,2022-07-07,Unknown,United States,3600
Next Insurance,SF Bay Area,Finance,150.00,0.17,2022-07-07,Series E,United States,881
Adwerx,Durham,Marketing,40.00,,2022-07-07,Unknown,United States,20
Emotive,Los Angeles,Marketing,30.00,0.18,2022-07-07,Series B,United States,78
Cedar,New York City,Healthcare,,0.24,2022-07-07,Series D,United States,351
Twitter,SF Bay Area,Consumer,,,2022-07-07,Post-IPO,United States,5700
PuduTech,Shenzen,Other,1500.00,,2022-07-08,Series C,China,184
Butler Hospitality,New York City,Food,1000.00,1,2022-07-08,Series B,United States,50
Calibrate,New York City,Healthcare,156.00,0.24,2022-07-08,Series B,United States,127
NextRoll,SF Bay Area,Marketing,,0.03,2022-07-08,Unknown,United States,108
Nextbite,Denver,Food,,,2022-07-09,Series C,United States,150
Hopin,London,Other,242.00,0.29,2022-07-11,Series D,United Kingdom,1000
Alice,Sao Paulo,Healthcare,63.00,,2022-07-11,Series C,Brazil,174
SundaySky,New York City,Marketing,24.00,0.13,2022-07-11,Series D,United States,74
Apeel Sciences,Santa Barbara,Food,,,2022-07-11,Series E,United States,640
Forward,SF Bay Area,Healthcare,,0.05,2022-07-11,Series D,United States,225
Ignite,SF Bay Area,Crypto,,0.5,2022-07-11,Series A,United States,9
Gopuff,Philadelphia,Food,1500.00,0.1,2022-07-12,Series H,United States,3400
Fraazo,Mumbai,Food,150.00,,2022-07-12,Series B,India,63
Babylon,London,Healthcare,100.00,,2022-07-12,Post-IPO,United Kingdom,1100
Hubilo,SF Bay Area,Marketing,45.00,0.12,2022-07-12,Series B,United States,153
Airlift,Lahore,Logistics,,1,2022-07-12,Series B,Pakistan,109
Microsoft,Seattle,Other,,,2022-07-12,Post-IPO,United States,1
Spring,SF Bay Area,Retail,,,2022-07-12,Unknown,United States,61
Wave,Dakar,Finance,300.00,0.15,2022-07-13,Series A,Senegal,292
Tonal,SF Bay Area,Fitness,262.00,0.35,2022-07-13,Series E,United States,450
Fabric,New York City,Logistics,120.00,0.4,2022-07-13,Series C,United States,336
Bryter,Berlin,Product,100.00,0.3,2022-07-13,Series B,Germany,89
ChowNow,Los Angeles,Food,100.00,0.2,2022-07-13,Series C,United States,64
Involves,Florianópolis,Retail,70.00,0.18,2022-07-13,Unknown,Brazil,23
100 Thieves,Los Angeles,Consumer,12.00,,2022-07-13,Series C,United States,120
Nuro,SF Bay Area,Transportation,7.00,,2022-07-13,Series D,United States,2100
Arrival,London,Transportation,,0.3,2022-07-13,Post-IPO,United Kingdom,629
CircleUp,SF Bay Area,Finance,,,2022-07-13,Series C,United States,53
Papa,Miami,Other,,0.15,2022-07-13,Series D,United States,241
Zego,London,Finance,85.00,0.17,2022-07-14,Series C,United Kingdom,202
The Mom Project,Chicago,HR,54.00,0.15,2022-07-14,Series C,United States,115
Unstoppable Domains,SF Bay Area,Crypto,42.00,0.25,2022-07-14,Series B,United States,7
Kiavi,SF Bay Area,Real Estate,39.00,0.07,2022-07-14,Series E,United States,240
Alto Pharmacy,SF Bay Area,Healthcare,,,2022-07-14,Series E,United States,560
Cosuno,Berlin,Construction,,,2022-07-14,Series B,Germany,45
OpenSea,New York City,Crypto,,0.2,2022-07-14,Series C,United States,427
Bright Money,Bengaluru,Finance,100.00,0.5,2022-07-15,Series A,India,31
Project44,Chicago,Logistics,63.00,0.05,2022-07-15,Unknown,United States,817
Heroes,London,Retail,24.00,0.2,2022-07-15,Unknown,United States,265
Aspire,SF Bay Area,Marketing,23.00,,2022-07-15,Series A,United States,27
StyleSeat,SF Bay Area,Consumer,,0.17,2022-07-15,Series C,United States,40
PACT Pharma,SF Bay Area,Healthcare,94.00,,2022-07-18,Series C,United States,200
Gemini,New York City,Crypto,68.00,0.07,2022-07-18,Unknown,United States,423
Lusha,New York City,Marketing,30.00,0.1,2022-07-18,Series B,United States,245
Elemy,SF Bay Area,Healthcare,,,2022-07-18,Series B,United States,323
Freshly,New York City,Food,,0.25,2022-07-18,Acquired,United States,107
Hydrow,Boston,Fitness,,0.35,2022-07-18,Series D,United States,269
TikTok,Los Angeles,Consumer,,,2022-07-18,Acquired,United States,
Vimeo,New York City,Consumer,,0.06,2022-07-18,Post-IPO,United States,450
Invitae,SF Bay Area,Healthcare,1000.00,,2022-07-19,Post-IPO,United States,2000
Olive,Columbus,Healthcare,450.00,0.31,2022-07-19,Series H,United States,856
M1,Chicago,Finance,38.00,,2022-07-19,Series E,United States,323
SellerX,Berlin,Retail,28.00,,2022-07-19,Unknown,Germany,766
Stint,London,HR,28.00,0.2,2022-07-19,Unknown,United Kingdom,
Capsule,New York City,Healthcare,,0.13,2022-07-19,Series D,United States,570
Just Eat Takeaway,Amsterdam,Food,390.00,,2022-07-20,Post-IPO,Netherlands,2800
Flyhomes,Seattle,Real Estate,200.00,0.2,2022-07-20,Series C,United States,310
Varo,SF Bay Area,Finance,75.00,,2022-07-20,Series E,United States,992
BlueStacks,SF Bay Area,Other,60.00,,2022-07-20,Series C,United States,48
Lyft,SF Bay Area,Transportation,60.00,0.02,2022-07-20,Post-IPO,United States,4900
Introhive,Ferdericton,Sales,57.00,0.16,2022-07-20,Series C,Canada,125
Zencity,Tel Aviv,Other,30.00,0.2,2022-07-20,Unknown,Israel,51
Splice,New York City,Media,23.00,,2022-07-20,Series D,United States,159
Forma.ai,Toronto,Sales,15.00,0.09,2022-07-20,Series B,Canada,58
Arc,SF Bay Area,HR,13.00,,2022-07-20,Seed,United States,1
Blockchain.com,London,Crypto,150.00,0.25,2022-07-21,Series D,United Kingdom,490
Callisto Media,SF Bay Area,Media,140.00,0.35,2022-07-21,Series D,United States,
AppGate,Miami,Security,130.00,0.22,2022-07-21,Post-IPO,United States,
WHOOP,Boston,Fitness,95.00,0.15,2022-07-21,Series F,United States,404
Rad Power Bikes,Seattle,Transportation,63.00,0.1,2022-07-21,Series D,United States,329
Lunchbox,New York City,Food,60.00,0.33,2022-07-21,Series B,United States,72
RealSelf,Seattle,Healthcare,11.00,0.05,2022-07-21,Series B,United States,42
98point6,Seattle,Healthcare,,0.1,2022-07-21,Series E,United States,247
Catalyst,New York City,Support,,,2022-07-21,Series B,United States,45
InVision,New York City,Product,,0.5,2022-07-21,Series F,United States,356
Mural,SF Bay Area,Product,,,2022-07-21,Series C,United States,192
Smarsh,Portland,Other,,,2022-07-21,Private Equity,United States,
Eucalyptus,Sydney,Healthcare,50.00,0.2,2022-07-22,Series C,United States,69
Workstream,SF Bay Area,HR,45.00,,2022-07-22,Series B,United States,58
Quanto,Sao Paulo,Finance,28.00,0.22,2022-07-22,Series A,Brazil,15
Clarify Health,SF Bay Area,Healthcare,15.00,0.05,2022-07-22,Series D,United States,328
Arete,Miami,Security,,,2022-07-22,Unknown,United States,
Boosted Commerce,Los Angeles,Retail,,0.05,2022-07-22,Series B,United States,137
Owlet,Lehi,Healthcare,,,2022-07-22,Post-IPO,United States,178
People.ai,SF Bay Area,Sales,,,2022-07-22,Series D,United States,200
Wizeline,SF Bay Area,Product,,,2022-07-22,Acquired,United States,62
Soluto,Tel Aviv,Support,120.00,1,2022-07-24,Acquired,Israel,18
Zymergen,SF Bay Area,Other,80.00,,2022-07-25,Acquired,United States,974
Pear Therapeutics ,Boston,Healthcare,25.00,0.09,2022-07-25,Post-IPO,United States,409
 Included Health,SF Bay Area,Healthcare,,0.06,2022-07-25,Series E,United States,272
Shopify,Ottawa,Retail,1000.00,0.1,2022-07-26,Post-IPO,Canada,122
McMakler,Berlin,Real Estate,90.00,,2022-07-26,Unknown,Germany,214
Fiverr,Tel Aviv,Other,60.00,0.08,2022-07-26,Post-IPO,Israel,111
InDebted,Sydney,Finance,40.00,0.17,2022-07-26,Series B,Australia,41
Outbrain,New York City,Marketing,38.00,0.03,2022-07-26,Post-IPO,United States,394
Dover,SF Bay Area,Recruiting,23.00,0.3,2022-07-26,Series A,United States,22
Immutable,Sydney,Crypto,20.00,0.06,2022-07-26,Series C,Australia,279
Rivian,Detroit,Transportation,840.00,0.06,2022-07-27,Post-IPO,United States,10700
Vox Media,Washington D.C.,Media,39.00,0.02,2022-07-27,Series F,United States,307
Coinsquare,Toronto,Crypto,30.00,0.24,2022-07-27,Unknown,Canada,98
Skai,Tel Aviv,Marketing,30.00,0.04,2022-07-27,Series E,Israel,60
Ribbon,New York City,Real Estate,136.00,,2022-07-28,Series C,United States,405
Career Karma,SF Bay Area,Education,60.00,0.33,2022-07-28,Series B,United States,51
Metromile,SF Bay Area,Finance,60.00,0.2,2022-07-28,Acquired,United States,510
Laybuy,Auckland,Finance,45.00,,2022-07-28,Post-IPO,New Zealand,130
Allbirds,SF Bay Area,Retail,23.00,,2022-07-28,Post-IPO,United States,202
TextNow,Waterloo,Consumer,22.00,,2022-07-28,Seed,Canada,1
2U,Washington D.C.,Education,,0.2,2022-07-28,Post-IPO,United States,426
Bikayi,Bengaluru,Retail,,,2022-07-28,Series A,India,12
Brainbase,Los Angeles,Sales,,,2022-07-28,Series A,United States,12
Change.org,SF Bay Area,Other,,0.19,2022-07-28,Series D,United States,72
Tapas Media,SF Bay Area,Media,,,2022-07-28,Acquired,United States,17
Turntide,SF Bay Area,Energy,,0.2,2022-07-28,Unknown,United States,491
Ola,Bengaluru,Transportation,1000.00,,2022-07-29,Series J,India,5000
Clearco,Toronto,Finance,125.00,0.25,2022-07-29,Series C,Canada,681
Imperfect Foods,SF Bay Area,Food,50.00,,2022-07-29,Series D,United States,229
Shelf Engine,Seattle,Food,43.00,,2022-07-29,Series B,United States,58
Quantcast,SF Bay Area,Marketing,40.00,0.06,2022-07-29,Series C,United States,65
Sherpa,Toronto,Travel,22.00,,2022-07-29,Unknown,Canada,11
CoinFLEX,Victoria,Crypto,,,2022-07-29,Unknown,Seychelles,11
MissFresh,Beijing,Food,,,2022-07-29,Post-IPO,China,1700
Yabonza,Sydney,Real Estate,,1,2022-07-29,Unknown,Australia,6
Metigy,Sydney,Marketing,75.00,1,2022-07-31,Series B,Australia,18
Vee,Tel Aviv,HR,16.00,0.32,2022-07-31,Seed,Israel,15
Gatherly,Atlanta,Marketing,,0.5,2022-07-31,,United States,
Hash,Sao Paulo,Finance,58.00,0.5,2022-08-01,Series C,Brazil,58
Classkick,Chicago,Education,,,2022-08-01,Seed,United States,1
DeHaat,Gurugram,Food,,,2022-08-01,Series D,India,194
OnlyFans,London,Media,,,2022-08-01,Unknown,United Kingdom,
Oracle,SF Bay Area,Other,,,2022-08-01,Post-IPO,United States,
Perceptive Automata,Boston,Transportation,,1,2022-08-01,Series A,United States,20
Whereby,Oslo,Other,,,2022-08-01,Series A,Norway,10
Robinhood,SF Bay Area,Finance,713.00,0.23,2022-08-02,Post-IPO,United States,5600
Latch,New York City,Security,115.00,0.37,2022-08-02,Post-IPO,United States,342
Vedantu,Bengaluru,Education,100.00,,2022-08-02,Series E,India,292
Seegrid,Pittsburgh,Logistics,90.00,,2022-08-02,Unknown,United States,107
Nylas,SF Bay Area,Product,80.00,0.25,2022-08-02,Series C,United States,175
Outreach,Seattle,Sales,60.00,0.05,2022-08-02,Series G,United States,489
Sendy,Nairobi,Logistics,54.00,0.2,2022-08-02,Series B,Kenya,26
The Predictive Index,Boston,HR,40.00,,2022-08-02,Acquired,United States,71
Sendy,Nairobi,Logistics,30.00,0.1,2022-08-02,Series B,Kenya,26
Stedi,Boulder,Product,23.00,0.3,2022-08-02,Series B,United States,75
Glossier,New York City,Retail,19.00,0.08,2022-08-02,Series E,United States,266
Butterfly Network,New Haven,Healthcare,,0.1,2022-08-02,Post-IPO,United States,530
FuboTV,New York City,Media,,,2022-08-02,Post-IPO,United States,151
Healthcare.com,Miami,Healthcare,149.00,,2022-08-03,Series C,United States,244
Unbounce,Vancouver,Marketing,47.00,0.2,2022-08-03,Series A,Canada,39
Beyond Meat,Los Angeles,Food,40.00,0.04,2022-08-03,Post-IPO,United States,122
The Org,New Delhi,HR,13.00,,2022-08-03,Series B,United States,39
CarDekho,Gurugram,Transportation,,,2022-08-03,Series E,India,497
Puppet,Portland,Infrastructure,,0.15,2022-08-03,Acquired,United States,189
SoundCloud,Berlin,Consumer,,0.2,2022-08-03,Unknown,Germany,542
Talkwalker,Luxembourg,Marketing,,0.15,2022-08-03,Private Equity,Luxembourg,9
Doma,SF Bay Area,Finance,250.00,0.13,2022-08-04,Post-IPO,United States,679
Article,Vancouver,Retail,216.00,0.17,2022-08-04,Series B,Canada,
Jam City,Los Angeles,Consumer,200.00,0.17,2022-08-04,Unknown,United States,652
10X Genomics,SF Bay Area,Healthcare,100.00,0.08,2022-08-04,Post-IPO,United States,242
LEAD,Mumbai,Education,80.00,0.04,2022-08-04,Series E,India,166
Zendesk,SF Bay Area,Support,80.00,,2022-08-04,Acquired,United States,85
On Deck,SF Bay Area,Education,73.00,0.33,2022-08-04,Series A,United States,20
RenoRun,Montreal,Construction,70.00,0.12,2022-08-04,Series B,Canada,163
RingCentral,SF Bay Area,Support,50.00,,2022-08-04,Post-IPO,United States,44
Medly,New York City,Healthcare,,0.16,2022-08-04,Series C,United States,100
Nomad,Sao Paulo,Finance,,0.2,2022-08-04,Series B,Brazil,290
StubHub,SF Bay Area,Consumer,,,2022-08-04,Acquired,United States,59
Weedmaps,Los Angeles,Other,,0.1,2022-08-04,Acquired,United States,
Zenius,Jakarta,Education,,0.3,2022-08-04,Series B,Indonesia,20
iRobot,Boston,Consumer,140.00,0.1,2022-08-05,Acquired,United States,30
Mejuri,Toronto,Retail,50.00,0.1,2022-08-05,Series B,Canada,28
Uberflip,Toronto,Marketing,31.00,0.17,2022-08-05,Series A,Canada,42
Slync,Dallas,Logistics,,,2022-08-05,Series B,United States,76
Talkdesk,SF Bay Area,Support,,,2022-08-05,Series D,United States,497
Groupon,Chicago,Retail,500.00,0.15,2022-08-08,Post-IPO,United States,1400
Loggi,Sao Paulo,Logistics,500.00,0.15,2022-08-08,Series F,Brazil,507
Vroom,New York City,Transportation,337.00,,2022-08-08,Post-IPO,United States,1300
Warby Parker,New York City,Consumer,63.00,,2022-08-08,Post-IPO,United States,535
Labelbox,SF Bay Area,Data,36.00,,2022-08-08,Series D,United States,188
Perion,Tel Aviv,Marketing,20.00,0.05,2022-08-08,Post-IPO,Israel,76
Daily Harvest,New York City,Food,,0.15,2022-08-08,Series D,United States,120
DataRobot,Boston,Data,,,2022-08-08,Series G,United States,1000
GoHealth,Chicago,Healthcare,800.00,0.2,2022-08-09,Post-IPO,United States,75
Hootsuite,Vancouver,Marketing,400.00,0.3,2022-08-09,Series C,Canada,300
Nutanix,SF Bay Area,Infrastructure,270.00,0.04,2022-08-09,Post-IPO,United States,1100
Quanterix,Boston,Healthcare,130.00,0.25,2022-08-09,Post-IPO,United States,533
Wix,Tel Aviv,Marketing,100.00,,2022-08-09,Post-IPO,Israel,58
MadeiraMadeira,Curitiba,Retail,60.00,0.03,2022-08-09,Series E,Brazil,338
Melio,New York City,Finance,60.00,,2022-08-09,Series D,United States,504
Linktree,Melbourne,Consumer,50.00,0.17,2022-08-09,Unknown,Australia,165
Shogun,SF Bay Area,Retail,48.00,0.3,2022-08-09,Series C,United States,114
Absci,Vancouver,Healthcare,40.00,,2022-08-09,Post-IPO,United States,237
Dooly,Vancouver,Sales,12.00,,2022-08-09,Series B,Canada,102
Berkeley Lights,SF Bay Area,Healthcare,,0.12,2022-08-09,Post-IPO,United States,272
DailyPay,New York City,Finance,,0.15,2022-08-09,Unknown,United States,814
Haus,SF Bay Area,Food,,1,2022-08-09,Seed,United States,7
Kaltura,New York City,Media,,0.1,2022-08-09,Post-IPO,United States,166
Shift,SF Bay Area,Transportation,,,2022-08-09,Post-IPO,United States,504
Sweetgreen,Los Angeles,Food,,,2022-08-09,Post-IPO,United States,478
Trybe,Sao Paulo,Education,47.00,0.1,2022-08-10,Series B,Brazil,40
Permutive,London,Marketing,30.00,0.12,2022-08-10,Series C,United Kingdom,105
Homeward,Austin,Real Estate,,0.2,2022-08-10,Series B,United States,160
Pollen,London,Marketing,,1,2022-08-10,Series C,United Kingdom,238
Vedanta Biosciences,Boston,Healthcare,,0.2,2022-08-10,Series D,United States,301
Truepill,SF Bay Area,Healthcare,175.00,0.33,2022-08-11,Series D,United States,255
Calm,SF Bay Area,Healthcare,90.00,0.2,2022-08-11,Series C,United States,218
FourKites,Chicago,Logistics,60.00,0.08,2022-08-11,Series D,United States,201
Marketforce,Nairobi,Retail,54.00,0.09,2022-08-11,Series A,Kenya,42
Betterfly,Santiago,Healthcare,30.00,,2022-08-11,Series C,Chile,204
Expert360,Sydney,Recruiting,7.00,,2022-08-11,Series C,Australia,26
Guidewire,SF Bay Area,Finance,,0.02,2022-08-11,Post-IPO,United States,24
Peloton,New York City,Fitness,784.00,0.13,2022-08-12,Post-IPO,United States,1900
Core Scientific,Austin,Crypto,,0.1,2022-08-12,Post-IPO,United States,169
Orbit,SF Bay Area,Other,,,2022-08-12,Series A,United States,20
Almanac,SF Bay Area,Other,,,2022-08-13,Series A,United States,45
Anywell,Tel Aviv,Real Estate,11.00,,2022-08-14,Series A,Israel,15
Sema4,Stamford,Healthcare,250.00,0.13,2022-08-15,Post-IPO,United States,791
Blend,SF Bay Area,Finance,220.00,0.12,2022-08-15,Post-IPO,United States,665
ContraFect,New York City,Healthcare,16.00,0.37,2022-08-15,Post-IPO,United States,380
ThredUp,Chicago,Retail,,0.15,2022-08-15,Post-IPO,United States,305
AlayaCare,Montreal,Healthcare,80.00,0.14,2022-08-16,Series D,Canada,293
Pliops,Tel Aviv,Data,12.00,0.09,2022-08-16,Series D,Israel,205
Woven,Indianapolis,HR,5.00,0.15,2022-08-16,Series A,United States,11
Crypto.com,Singapore,Crypto,,,2022-08-16,Unknown,Singapore,156
Edmodo,SF Bay Area,Education,,1,2022-08-16,Acquired,United States,77
Snapdocs,SF Bay Area,Real Estate,,0.1,2022-08-16,Series D,United States,253
Updater,New York City,Other,,,2022-08-16,Unknown,United States,467
Malwarebytes,SF Bay Area,Security,125.00,0.14,2022-08-17,Series B,United States,80
Fluke,Sao Paulo,Other,83.00,0.82,2022-08-17,Seed,Brazil,
Swyftx,Brisbane,Crypto,74.00,0.21,2022-08-17,Unknown,Australia,
Tempo Automation,SF Bay Area,Other,54.00,,2022-08-17,Series C,United States,74
Genesis,New York City,Crypto,52.00,0.2,2022-08-17,Series A,United States,
Warren,Porto Alegre,Finance,50.00,,2022-08-17,Series C,Brazil,104
New Relic,SF Bay Area,Infrastructure,110.00,0.05,2022-08-18,Post-IPO,United States,214
Wheel,Austin,Healthcare,35.00,0.17,2022-08-18,Series C,United States,215
Petal,New York City,Finance,,0.1,2022-08-18,Series D,United States,704
Thirty Madison,New York City,Healthcare,,0.1,2022-08-18,Series C,United States,209
Vendasta,Saskatoon,Marketing,,0.05,2022-08-18,Series D,Canada,178
Wayfair,Boston,Retail,870.00,0.05,2022-08-19,Post-IPO,United States,1700
Stripe,SF Bay Area,Finance,50.00,,2022-08-19,Series H,United States,2300
Hodlnaut,Singapore,Crypto,40.00,0.8,2022-08-19,Unknown,Singapore,
Amperity,Seattle,Marketing,13.00,0.03,2022-08-20,Series D,United States,187
NSO,Tel Aviv,Security,100.00,0.14,2022-08-21,Seed,Israel,1
Tufin,Boston,Security,55.00,0.1,2022-08-21,Acquired,United States,21
Mr. Yum,Melbourne,Food,,0.17,2022-08-22,Series A,United States,73
ShopX,Bengaluru,Retail,,1,2022-08-22,Unknown,India,56
Tier Mobility,Berlin,Transportation,180.00,0.16,2022-08-23,Series D,Germany,646
Packable,New York City,Retail,138.00,0.2,2022-08-23,Unknown,United States,472
Q4,Toronto,Other,50.00,0.08,2022-08-23,Series C,Canada,91
Skedulo,SF Bay Area,HR,31.00,0.08,2022-08-23,Series C,United States,114
Plato,SF Bay Area,HR,29.00,0.5,2022-08-23,Seed,United States,3
DataRobot,Boston,Data,,0.26,2022-08-23,Series G,United States,1000
Kogan,Melbourne,Retail,,,2022-08-23,Post-IPO,Australia,
Skillshare,New York City,Education,,,2022-08-23,Unknown,United States,136
Reali,SF Bay Area,Real Estate,140.00,1,2022-08-24,Series B,United States,117
Loop,Washington D.C.,Finance,15.00,0.2,2022-08-24,Series A,United States,24
Pix,SF Bay Area,Food,,,2022-08-24,Unknown,United States,
FreshDirect,Philadelphia,Food,40.00,,2022-08-25,Acquired,United States,280
Loja Integrada,Sao Paulo,Retail,25.00,0.1,2022-08-25,Acquired,Brazil,
Impact.com,Los Angeles,Marketing,,0.1,2022-08-25,Private Equity,United States,361
ShipBob,Chicago,Logistics,,0.07,2022-08-25,Series E,United States,330
Zymergen,SF Bay Area,Other,80.00,,2022-08-26,Acquired,United States,974
Okta,SF Bay Area,Security,24.00,,2022-08-26,Post-IPO,United States,1200
Argyle,New York City,Finance,20.00,0.07,2022-08-26,Series B,United States,78
Better.com,New York City,Real Estate,,,2022-08-26,Unknown,United States,905
Otonomo,Tel Aviv,Transportation,,,2022-08-28,Post-IPO,Israel,231
Meesho,Bengaluru,Retail,300.00,,2022-08-29,Series F,India,1100
54gene,Washington D.C.,Healthcare,95.00,0.3,2022-08-29,Series B,United States,44
Fungible,SF Bay Area,Crypto,,,2022-08-29,Series C,United States,310
Skillz,SF Bay Area,Consumer,,,2022-08-29,Post-IPO,United States,287
Electric,New York City,Other,81.00,,2022-08-30,Series D,United States,212
Immersive Labs,Bristol,Security,38.00,0.1,2022-08-30,Series C,United Kingdom,123
Nate,New York City,Retail,30.00,,2022-08-30,Series A,United States,47
Snap,Los Angeles,Consumer,1280.00,0.2,2022-08-31,Post-IPO,United States,4900
GoodRx,Los Angeles,Healthcare,140.00,0.16,2022-08-31,Post-IPO,United States,910
Smava,Berlin,Finance,100.00,0.1,2022-08-31,Unknown,Germany,188
Hippo Insurance,SF Bay Area,Finance,70.00,0.1,2022-08-31,Post-IPO,United States,1300
Clari,SF Bay Area,Sales,45.00,,2022-08-31,Series F,United States,496
Koo,Bengaluru,Consumer,40.00,,2022-08-31,Series B,India,44
TCR2,Boston,Healthcare,30.00,0.2,2022-08-31,Post-IPO,United States,173
Apartment List,SF Bay Area,Real Estate,29.00,0.1,2022-08-31,Series D,United States,169
Artnight,Berlin,Retail,26.00,0.36,2022-08-31,Unknown,Germany,
Snagajob,Richmond,HR,,,2022-08-31,Unknown,United States,221
The Wing,New York City,Real Estate,,1,2022-08-31,Series C,United States,117
Viamo,Accra,Other,,,2022-08-31,Unknown,Ghana,
2TM,Sao Paulo,Crypto,100.00,0.15,2022-09-01,Unknown,Brazil,250
Innovaccer,SF Bay Area,Healthcare,90.00,0.08,2022-09-01,Series E,United States,379
Shopify,Ottawa,Retail,70.00,,2022-09-01,Post-IPO,Canada,122
Urban Sports Club,Berlin,Fitness,55.00,0.15,2022-09-01,Unknown,Germany,95
Hedvig,Stockholm,Finance,12.00,,2022-09-01,Series B,Sweden,67
Kuda,Lagos,Finance,23.00,0.05,2022-09-02,Series B,Nigeria,91
Alerzo,Ibadan,Retail,,,2022-09-02,Series B,Nigeria,16
Sea,Singapore,Consumer,,,2022-09-02,Post-IPO,Singapore,8600
Brave Care,Portland,Healthcare,40.00,0.33,2022-09-06,Series B,United States,42
Lawgeex,Tel Aviv,Legal,30.00,0.33,2022-09-06,Series C,Israel,41
Juniper Square,SF Bay Area,Real Estate,,0.14,2022-09-06,Series C,United States,108
Medium,SF Bay Area,Media,,0.25,2022-09-06,Unknown,United States,163
Simple Feast,Copenhagen,Food,150.00,1,2022-09-07,Unknown,Denmark,173
Foodpanda,Singapore,Food,60.00,,2022-09-07,Acquired,Singapore,749
Uber,Vilnius,Transportation,60.00,,2022-09-07,Post-IPO,Lithuania,24700
Rupeek,Bengaluru,Finance,50.00,,2022-09-07,Unknown,India,172
Intercom,SF Bay Area,Support,49.00,0.05,2022-09-07,Series D,United States,240
Pendo,Raleigh,Product,45.00,0.05,2022-09-07,Series F,United States,469
Demandbase,SF Bay Area,Sales,27.00,0.03,2022-09-07,Series H,United States,143
Firebolt,Tel Aviv,Data,,,2022-09-07,Series C,Israel,264
Medly,New York City,Healthcare,,0.5,2022-09-07,Series C,United States,100
Xsight Labs,Tel Aviv,Other,,,2022-09-07,Series D,Israel,100
GoStudent,Vienna,Education,200.00,,2022-09-08,Series D,Austria,686
Pomelo Fashion,Bangkok,Retail,55.00,0.08,2022-09-08,Unknown,Thailand,120
Genome Medical,SF Bay Area,Healthcare,23.00,,2022-09-08,Series C,United States,120
BigBear.ai,Baltimore,Data,,0.07,2022-09-08,Post-IPO,United States,200
Realtor.com,SF Bay Area,Real Estate,,,2022-09-08,Acquired,United States,
SkipTheDishes,Winnipeg,Food,350.00,,2022-09-09,Acquired,Canada,6
Brighte,Sydney,Energy,58.00,,2022-09-09,Series C,Australia,145
Patreon,SF Bay Area,Media,5.00,,2022-09-09,Series F,United States,413
Amber Group,Hong Kong,Crypto,,0.1,2022-09-09,Series B,Hong Kong,328
Capiter,Cairo,Finance,,,2022-09-09,Series A,Egypt,33
CommonBond,New York City,Finance,,1,2022-09-09,Series D,United States,125
DreamBox Learning,Seattle,Education,,,2022-09-09,Acquired,United States,175
Flowhub,Denver,Retail,,0.15,2022-09-09,Unknown,United States,45
Lido Learning,Mumbai,Education,,1,2022-09-09,Series C,India,20
Quicko,Sao Paulo,Transportation,60.00,,2022-09-12,Acquired,Brazil,28
Mode Analytics,SF Bay Area,Data,25.00,,2022-09-12,Series D,United States,81
Compete,Tel Aviv,HR,11.00,0.28,2022-09-12,Series A,Israel,17
Karbon,SF Bay Area,Other,,0.23,2022-09-12,Series B,United States,91
Rent the Runway,New York City,Retail,,0.24,2022-09-12,Post-IPO,United States,526
Sama,SF Bay Area,Data,,,2022-09-12,Series B,United States,84
Rubius,Boston,Healthcare,160.00,0.75,2022-09-13,Post-IPO,United States,445
Checkout.com,London,Finance,100.00,0.05,2022-09-13,Series D,United Kingdom,1800
Taboola,New York City,Marketing,100.00,0.06,2022-09-13,Post-IPO,United States,445
Patreon,SF Bay Area,Media,80.00,0.17,2022-09-13,Series F,United States,413
FullStory,Atlanta,Marketing,,0.12,2022-09-13,Unknown,United States,197
Propzy,Ho Chi Minh City,Real Estate,,1,2022-09-13,Series A,Vietnam,33
Twilio,SF Bay Area,Other,800.00,0.11,2022-09-14,Post-IPO,United States,614
Pitch,Berlin,Marketing,59.00,0.3,2022-09-14,Series B,Germany,137
Infarm,Berlin,Other,50.00,0.05,2022-09-14,Series D,Germany,604
Netflix,SF Bay Area,Media,30.00,,2022-09-14,Post-IPO,United States,121900
Bitrise,Budapest,Infrastructure,,0.14,2022-09-14,Series C,Hungary,83
LivePerson,New York City,Support,193.00,0.11,2022-09-15,Post-IPO,United States,42
Acast,Stockholm,Media,70.00,0.15,2022-09-15,Post-IPO,Sweden,126
WorkRamp,SF Bay Area,HR,35.00,0.2,2022-09-15,Series C,United States,67
DayTwo,SF Bay Area,Healthcare,,,2022-09-15,Series B,United States,90
NextRoll,SF Bay Area,Marketing,,0.07,2022-09-15,Unknown,United States,108
Clear,Bengaluru,Finance,190.00,0.2,2022-09-16,Series C,India,140
TrueLayer,London,Finance,40.00,0.1,2022-09-16,Series E,United States,271
Shopee,Jakarta,Food,,,2022-09-18,Unknown,Indonesia,
Ola,Bengaluru,Transportation,200.00,,2022-09-19,Series J,India,5000
Vesalius Therapeutics,Boston,Healthcare,29.00,0.43,2022-09-19,Series B,United States,75
VideoAmp,Los Angeles,Marketing,,0.02,2022-09-19,Series F,United States,456
Compass,New York City,Real Estate,271.00,,2022-09-20,Post-IPO,United States,1600
Curative,Los Angeles,Healthcare,109.00,,2022-09-20,Seed,United States,8
Ada,Toronto,Support,78.00,0.16,2022-09-20,Series C,Canada,190
99,Sao Paulo,Transportation,75.00,0.02,2022-09-20,Acquired,Brazil,244
Ouster,SF Bay Area,Transportation,,0.1,2022-09-20,Post-IPO,United States,282
Zappos,Las Vegas,Retail,,0.04,2022-09-20,Acquired,United States,62
Kitty Hawk,SF Bay Area,Aerospace,100.00,1,2022-09-21,Unknown,United States,1
Candidate Labs,SF Bay Area,HR,,,2022-09-21,Seed,United States,5
NYDIG,New York City,Crypto,110.00,0.33,2022-09-22,Private Equity,United States,1400
Klarna,Stockholm,Finance,100.00,,2022-09-22,Unknown,Sweden,3700
Made.com,London,Retail,,0.35,2022-09-22,Series D,United Kingdom,136
Konfio,Mexico City,Finance,180.00,,2022-09-23,Series E,United States,706
Moss,Berlin,Finance,70.00,0.15,2022-09-23,Series B,Germany,150
Foxtrot,Chicago,Food,26.00,0.035,2022-09-23,Series C,United States,166
Truiloo,Vancouver,Security,24.00,0.05,2022-09-23,Series D,Canada,474
Pesto,SF Bay Area,Other,,1,2022-09-23,Seed,United States,6
Instacart,SF Bay Area,Food,,,2022-09-24,Unknown,United States,2900
Divvy Homes,SF Bay Area,Real Estate,40.00,0.12,2022-09-27,Series B,United States,180
Graphcore,Bristol,Data,,,2022-09-27,Unknown,United Kingdom,692
DocuSign,SF Bay Area,Sales,671.00,0.09,2022-09-28,Post-IPO,United States,536
Front,SF Bay Area,Support,,,2022-09-28,Series D,United States,203
Volta,SF Bay Area,Transportation,,0.1,2022-09-28,Post-IPO,United States,575
Westwing,Munich,Retail,125.00,,2022-09-29,Post-IPO,Germany,237
Mux,SF Bay Area,Infrastructure,40.00,0.2,2022-09-29,Series D,United States,173
Solarisbank,Berlin,Finance,,0.1,2022-09-29,Unknown,Germany,385
Zenjob,Berlin,HR,,,2022-09-29,Series D,Germany,107
Spin,SF Bay Area,Transportation,78.00,0.1,2022-09-30,Acquired,United States,8
Carsome,Kuala Lumpur,Transportation,,0.1,2022-09-30,Series E,Malaysia,607
Pastel,SF Bay Area,Food,,1,2022-09-30,Unknown,United States,
Truepill,SF Bay Area,Healthcare,,,2022-09-30,Series D,United States,255
WazirX,Mumbai,Crypto,60.00,0.4,2022-10-02,Acquired,India,
ActiveCampaign,Chicago,Marketing,,0.15,2022-10-03,Series C,United States,360
Tempo,SF Bay Area,Fitness,,,2022-10-03,Series C,United States,298
8x8,SF Bay Area,Support,200.00,0.09,2022-10-04,Post-IPO,United States,253
Zoomo,Sydney,Transportation,65.00,0.16,2022-10-04,Series B,Australia,105
Homie,Salt Lake City,Real Estate,40.00,0.13,2022-10-04,Series B,United States,35
Fivetran,SF Bay Area,Data,,0.05,2022-10-04,Series D,United States,
Xendit,Jakarta,Finance,,0.05,2022-10-04,Series D,Indonesia,534
Built In,Chicago,Recruiting,50.00,0.25,2022-10-05,Series C,United States,29
TwinStrand,Seattle,Healthcare,,0.5,2022-10-05,Series B,United States,73
Crypto.com,Singapore,Crypto,2000.00,0.3,2022-10-06,Unknown,Singapore,156
Peloton,New York City,Fitness,500.00,0.12,2022-10-06,Post-IPO,United States,1900
Landing,Birmingham,Real Estate,110.00,,2022-10-06,Series C,United States,347
Turnitin,SF Bay Area,Education,51.00,0.05,2022-10-06,Acquired,United States,
Impossible Foods,SF Bay Area,Food,50.00,0.06,2022-10-06,Series H,United States,1900
Atome,Singapore,Finance,,,2022-10-06,Unknown,Singapore,645
First AML,Auckland,Finance,,,2022-10-06,Series B,New Zealand,29
Foresight Insurance,SF Bay Area,Finance,,0.4,2022-10-06,Series B,United States,58
Spotify,Stockholm,Media,,,2022-10-06,Post-IPO,Sweden,2100
BioMarin,SF Bay Area,Healthcare,120.00,0.04,2022-10-07,Post-IPO,United States,585
Rev.com,Austin,Data,85.00,,2022-10-07,Series D,United States,30
Collage.com,Detroit,Retail,,1,2022-10-09,Acquired,United States,
HelloFresh,SF Bay Area,Food,611.00,,2022-10-10,Post-IPO,United States,367
Momentive,SF Bay Area,Marketing,180.00,0.11,2022-10-10,Post-IPO,United States,1100
Pavilion Data,SF Bay Area,Infrastructure,96.00,0.96,2022-10-10,Series D,United States,103
Redesign Health,New York City,Healthcare,67.00,0.2,2022-10-10,Series C,United States,315
Nyriad,Austin,Infrastructure,,0.33,2022-10-10,Unknown,United States,58
Noom,New York City,Healthcare,500.00,0.1,2022-10-11,Series F,United States,657
MX,Lehi,Finance,200.00,,2022-10-11,Series C,United States,450
Brex,SF Bay Area,Finance,136.00,0.11,2022-10-11,Series D,United States,1500
Pacaso,SF Bay Area,Real Estate,100.00,0.3,2022-10-11,Series C,United States,217
Sketch,The Hague,Other,80.00,,2022-10-11,Series A,Netherlands,20
Udacity,SF Bay Area,Education,55.00,0.13,2022-10-11,Unknown,United States,235
Linkfire,Copenhagen,Marketing,35.00,0.35,2022-10-11,Seed,Denmark,2
Emitwise,London,Energy,,,2022-10-11,Series A,United Kingdom,16
GSR,Hong Kong,Crypto,,,2022-10-11,Unknown,Hong Kong,
VanHack,Vancouver,HR,,,2022-10-11,Seed,United States,
Byju's,Bengaluru,Education,2500.00,0.05,2022-10-12,Private Equity,India,5500
6sense,SF Bay Area,Sales,150.00,0.1,2022-10-12,Series E,United States,426
Sinch,Stockholm,Other,150.00,,2022-10-12,Post-IPO,Sweden,1500
FrontRow,Bengaluru,Education,130.00,0.75,2022-10-12,Series A,India,17
Salesforce,SF Bay Area,Sales,90.00,,2022-10-13,Post-IPO,United States,65
Playdots,New York City,Consumer,65.00,1,2022-10-13,Acquired,United States,10
ExtraHop,Seattle,Security,,,2022-10-13,Series C,United States,61
Clear Capital,Reno,Real Estate,378.00,0.27,2022-10-14,Unknown,United States,
Beyond Meat,Los Angeles,Food,200.00,0.19,2022-10-14,Post-IPO,United States,122
Beyond Meat,Los Angeles,Food,200.00,0.19,2022-10-14,Post-IPO,United States,122
Flux Systems,London,Finance,,1,2022-10-14,Unknown,United Kingdom,9
Qin1,Noida,Education,,1,2022-10-14,Seed,India,
Flipboard,SF Bay Area,Media,24.00,0.21,2022-10-16,Unknown,United States,235
Huawei,Shenzen,Hardware,,,2022-10-16,Unknown,China,
Ada Health,Berlin,Healthcare,50.00,,2022-10-17,Series B,Germany,189
Tiendanube,Buenos Aires,Marketing,50.00,0.05,2022-10-17,Unknown,Argentina,
Microsoft,Seattle,Other,,,2022-10-17,Post-IPO,United States,1
Nuri,Berlin,Crypto,,1,2022-10-17,Series B,Germany,42
Faire,SF Bay Area,Retail,84.00,0.07,2022-10-18,Series G,United States,1700
Leafly,Seattle,Retail,56.00,0.21,2022-10-18,Post-IPO,United States,71
Gopuff,Philadelphia,Food,250.00,,2022-10-19,Series H,United States,3400
AtoB,SF Bay Area,Finance,32.00,0.3,2022-10-19,Series B,United States,177
InfoSum,London,Security,20.00,0.12,2022-10-19,Series B,United Kingdom,88
Clever Real Estate,St. Louis,Real Estate,,,2022-10-19,Series B,United States,13
Collibra,Brussels,Data,,,2022-10-19,Series G,Belgium,596
Side,SF Bay Area,Real Estate,,,2022-10-19,Unknown,United States,313
Hotmart,Belo Horizonte,Marketing,227.00,0.12,2022-10-20,Series C,Brazil,127
Zeus Living,SF Bay Area,Real Estate,64.00,0.46,2022-10-20,Series C,United States,151
Loom,SF Bay Area,Product,23.00,0.11,2022-10-20,Series C,United States,203
Sales Boomerang,Baltimore,Sales,20.00,,2022-10-20,Private Equity,United States,5
Arrival,London,Transportation,,,2022-10-20,Post-IPO,United Kingdom,629
Roofstock,SF Bay Area,Real Estate,,0.2,2022-10-20,Series E,United States,365
Starry,Boston,Other,,0.5,2022-10-20,Post-IPO,United States,260
Khoros,Austin,Sales,120.00,0.1,2022-10-21,Private Equity,United States,138
F5,Seattle,Security,100.00,0.01,2022-10-21,Post-IPO,United States,
Elinvar,Berlin,Finance,43.00,0.33,2022-10-21,Unknown,Germany,30
Synapsica,New Delhi,Healthcare,30.00,0.3,2022-10-21,Series A,India,4
Volta,SF Bay Area,Transportation,,0.54,2022-10-21,Post-IPO,United States,575
OrCam,Jerusalem,Healthcare,62.00,0.16,2022-10-23,Unknown,Israel,86
Antidote Health,Tel Aviv,Healthcare,23.00,0.38,2022-10-23,Unknown,Israel,36
Philips,Amsterdam,Healthcare,4000.00,0.05,2022-10-24,Post-IPO,Netherlands,
Cerebral,SF Bay Area,Healthcare,400.00,0.2,2022-10-24,Series C,United States,462
Snyk,Boston,Security,198.00,0.14,2022-10-24,Series F,United States,849
McMakler,Berlin,Real Estate,100.00,,2022-10-24,Unknown,Germany,214
Unico,Sao Paulo,Other,50.00,0.04,2022-10-24,Series D,Brazil,336
Fundbox,SF Bay Area,Finance,150.00,0.42,2022-10-25,Series D,United States,553
Embroker,SF Bay Area,Finance,30.00,0.12,2022-10-25,Series C,United States,142
Vee,Tel Aviv,HR,17.00,0.5,2022-10-25,Seed,Israel,15
Callisto Media,SF Bay Area,Media,,0.35,2022-10-25,Series D,United States,
Convoy,Seattle,Logistics,,,2022-10-25,Series E,United States,1100
Seagate,SF Bay Area,Hardware,3000.00,0.08,2022-10-26,Post-IPO,United States,
MindBody,San Luis Obispo,Fitness,400.00,0.15,2022-10-26,Post-IPO,United States,114
Zillow,Seattle,Real Estate,300.00,0.05,2022-10-26,Post-IPO,United States,97
Cybereason,Boston,Security,200.00,0.17,2022-10-26,Series F,United States,750
Argo AI,Pittsburgh,Transportation,173.00,,2022-10-26,Unknown,United States,3600
GoFundMe,SF Bay Area,Finance,94.00,0.12,2022-10-26,Series A,United States,
Carbon,SF Bay Area,Hardware,,,2022-10-26,Series E,United States,683
RenoRun,Montreal,Construction,210.00,0.43,2022-10-27,Series B,Canada,163
Recharge,Los Angeles,Finance,84.00,0.17,2022-10-27,Series B,United States,277
Lattice,SF Bay Area,HR,13.00,,2022-10-27,Series F,United States,328
GoNuts,Mumbai,Media,,1,2022-10-27,Seed,India,
Spreetail,Austin,Retail,,,2022-10-27,,United States,
Amazon,Seattle,Retail,150.00,,2022-10-28,Post-IPO,United States,108
Fifth Season,Pittsburgh,Food,100.00,1,2022-10-28,Series B,United States,35
Advata,Seattle,Healthcare,32.00,0.21,2022-10-28,,United States,
Springlane,Düsseldorf,Food,,0.35,2022-10-28,Series C,Germany,11
Kry,Stockholm,Healthcare,300.00,0.1,2022-10-31,Series D,Sweden,568
Notarize,Boston,Legal,60.00,,2022-10-31,Series D,United States,213
EquityZen,New York City,Finance,30.00,0.27,2022-10-31,Series B,United States,11
Equitybee,SF Bay Area,Finance,25.00,0.2,2022-10-31,Series B,United States,85
Dukaan,Bengaluru,Retail,23.00,,2022-10-31,Series A,India,17
Doubtnut,Gurugram,Education,,0.3,2022-10-31,Series B,India,49
Argo AI,SF Bay Area,Transportation,259.00,,2022-11-01,Unknown,United States,3600
Booking.com,Grand Rapids,Travel,226.00,,2022-11-01,Acquired,United States,
Oracle,SF Bay Area,Other,200.00,,2022-11-01,Post-IPO,United States,
Upstart,SF Bay Area,Finance,140.00,0.07,2022-11-01,Post-IPO,United States,144
Gem,SF Bay Area,Recruiting,100.00,0.33,2022-11-01,Series C,United States,148
Oda,Oslo,Food,70.00,0.18,2022-11-01,Unknown,Sweden,377
Oda,Oslo,Food,70.00,0.18,2022-11-01,Unknown,Norway,477
Oda,Oslo,Food,70.00,0.06,2022-11-01,Unknown,Norway,479
Hootsuite,Vancouver,Marketing,50.00,0.05,2022-11-01,Series C,Canada,300
Drop,Toronto,Marketing,24.00,,2022-11-01,Series B,Canada,56
Tapps Games,Sao Paulo,Consumer,10.00,,2022-11-01,Unknown,Brazil,
Brightline,SF Bay Area,Healthcare,,0.2,2022-11-01,Series C,United States,212
Help Scout,Boston,Support,,,2022-11-01,Series B,United States,28
Opendoor,SF Bay Area,Real Estate,550.00,0.18,2022-11-02,Post-IPO,United States,1900
Chime,SF Bay Area,Finance,156.00,0.12,2022-11-02,Series G,United States,2300
Chargebee,SF Bay Area,Finance,142.00,0.1,2022-11-02,Series H,United States,468
Dapper Labs,Vancouver,Crypto,134.00,0.22,2022-11-02,Series D,United States,607
Checkmarx,Tel Aviv,Security,100.00,0.1,2022-11-02,Series C,Israel,92
Smava,Berlin,Finance,100.00,0.15,2022-11-02,Unknown,Germany,188
Iron Ox,SF Bay Area,Food,50.00,0.5,2022-11-02,Series C,United States,103
Digital Currency Gruop,Stamford,Crypto,10.00,0.13,2022-11-02,Unknown,United States,
BitMEX,Non-U.S.,Crypto,,0.3,2022-11-02,Seed,Seychelles,0
Signicat,Trondheim,Security,,,2022-11-02,Acquired,Norway,8
Stripe,SF Bay Area,Finance,1000.00,0.14,2022-11-03,Series H,United States,2300
Lyft,SF Bay Area,Transportation,700.00,0.13,2022-11-03,Post-IPO,United States,4900
LendingTree,Charlotte,Finance,200.00,,2022-11-03,Post-IPO,United States,
Pleo,Copenhagen,Finance,150.00,0.15,2022-11-03,Series C,United States,428
Delivery Hero,Berlin,Food,100.00,,2022-11-03,Post-IPO,Germany,8300
Shippo,SF Bay Area,Logistics,60.00,0.2,2022-11-03,Series E,United States,154
Affirm,SF Bay Area,Finance,,0.01,2022-11-03,Post-IPO,United States,1500
CloudKitchens,Los Angeles,Real Estate,,,2022-11-03,Unknown,United States,1300
LiveRamp,SF Bay Area,Marketing,,0.1,2022-11-03,Post-IPO,United States,16
Provi,Chicago,Food,,,2022-11-03,Series C,United States,150
Rubius,Boston,Healthcare,,0.82,2022-11-03,Post-IPO,United States,445
Snapdocs,SF Bay Area,Real Estate,,0.15,2022-11-03,Series D,United States,253
Studio,SF Bay Area,Education,,,2022-11-03,Series B,United States,50
Twitter,SF Bay Area,Consumer,3700.00,0.5,2022-11-04,Post-IPO,United States,12900
Udaan,Bengaluru,Retail,350.00,,2022-11-04,Unknown,India,1500
Planetly,Berlin,Other,200.00,1,2022-11-04,Acquired,Germany,5
KoinWorks,Jakarta,Finance,70.00,0.08,2022-11-04,Unknown,Indonesia,180
Exodus,Nebraska City,Crypto,59.00,0.22,2022-11-04,Unknown,United States,60
Benitago Group,New York City,Retail,,0.14,2022-11-04,Series A,United States,380
Mythical Games,Los Angeles,Crypto,,0.1,2022-11-04,Series C,United States,260
Varonis,New York City,Security,110.00,0.05,2022-11-06,Post-IPO,United States,30
Brainly,Krakow,Education,25.00,,2022-11-06,Series D,Poland,148
Practically,Hyderabad,Education,,,2022-11-06,Unknown,India,14
Salesforce,SF Bay Area,Sales,1000.00,0.01,2022-11-07,Post-IPO,United States,65
Unacademy,Bengaluru,Education,350.00,0.1,2022-11-07,Series H,India,838
Zendesk,SF Bay Area,Support,350.00,0.05,2022-11-07,Acquired,United States,85
Dock,Sao Paulo,Finance,190.00,0.12,2022-11-07,Private Equity,Brazil,280
Code42,Minneapolis,Security,,0.15,2022-11-07,Unknown,United States,137
Domino Data Lab,SF Bay Area,Data,,0.25,2022-11-07,Series F,United States,223
EverBridge,Boston,Other,200.00,,2022-11-08,Post-IPO,United States,476
Repertoire Immune Medicines,Boston,Healthcare,65.00,0.5,2022-11-08,Series B,United States,257
Astra,SF Bay Area,Aerospace,,0.16,2022-11-08,Post-IPO,United States,300
Beat,Athens,Transportation,,,2022-11-08,Series B,Greece,6
NanoString,Seattle,Healthcare,,0.1,2022-11-08,Post-IPO,United States,731
SADA,Los Angeles,Other,,0.11,2022-11-08,Acquired,United States,
Meta,SF Bay Area,Consumer,11000.00,0.13,2022-11-09,Post-IPO,United States,26000
Redfin,Seattle,Real Estate,862.00,0.13,2022-11-09,Post-IPO,United States,320
Flyhomes,Seattle,Real Estate,300.00,0.4,2022-11-09,Series C,United States,310
AvantStay,Los Angeles,Travel,144.00,0.22,2022-11-09,Private Equity,United States,686
Root Insurance,Columbus,Finance,137.00,0.2,2022-11-09,Post-IPO,United States,527
Liftoff,SF Bay Area,Marketing,130.00,0.15,2022-11-09,Acquired,United States,6
Cameo,Chicago,Consumer,80.00,,2022-11-09,Unknown,United States,165
Plum,Bengaluru,Healthcare,36.00,0.1,2022-11-09,Series A,India,20
Kabam,SF Bay Area,Consumer,35.00,0.07,2022-11-09,Acquired,United States,244
HighRadius,Bengaluru,Finance,25.00,,2022-11-09,Series C,India,475
Namogoo,Tel Aviv,Marketing,25.00,0.15,2022-11-09,Series C,United States,69
Amobee,SF Bay Area,Marketing,,,2022-11-09,Acquired,United States,72
CloudFactory,Nairobi,Data,,0.12,2022-11-09,Private Equity,Kenya,78
Coursera,SF Bay Area,Education,,,2022-11-09,Post-IPO,United States,458
Faze Medicines,Boston,Healthcare,,1,2022-11-09,Series B,United States,81
RingCentral,SF Bay Area,Other,,0.1,2022-11-09,Post-IPO,United States,44
Spotify,Stockholm,Media,,,2022-11-09,Post-IPO,Sweden,2100
GoTo Group,Jakarta,Transportation,1300.00,0.12,2022-11-10,Post-IPO,Indonesia,1300
Juul,SF Bay Area,Consumer,400.00,0.3,2022-11-10,Unknown,United States,1500
Blend,SF Bay Area,Finance,100.00,0.06,2022-11-10,Post-IPO,United States,665
InfluxData,SF Bay Area,Data,65.00,0.27,2022-11-10,Series D,United States,119
Coinbase,SF Bay Area,Crypto,60.00,,2022-11-10,Post-IPO,United States,549
SoundHound,SF Bay Area,Other,45.00,0.1,2022-11-10,Post-IPO,United States,326
Wistia,Boston,Marketing,40.00,,2022-11-10,Unknown,United States,18
Ocavu,Lehi,Crypto,20.00,0.48,2022-11-10,Series A,United States,11
Avast,Phoenix,Security,,0.25,2022-11-10,Unknown,United States,
Reforge,SF Bay Area,Education,,,2022-11-10,Series B,United States,81
SendCloud,Eindhoven,Logistics,,0.1,2022-11-10,Series C,United States,200
Voly,Sydney,Food,,,2022-11-10,Seed,Australia,13
Wavely,SF Bay Area,HR,,1,2022-11-10,Unknown,United States,
ZenBusiness,Austin,Other,,,2022-11-10,Series C,United States,277
Veev,SF Bay Area,Real Estate,100.00,0.3,2022-11-11,Series D,United States,597
Forto,Berlin,Logistics,60.00,0.08,2022-11-11,Series D,United States,593
Chipax,Santiago,Finance,,,2022-11-11,Seed,Chile,2
Juniper,Atlanta,Marketing,,,2022-11-11,Acquired,United States,
Offerpad,Phoenix,Real Estate,,0.07,2022-11-11,Post-IPO,United States,355
Illumina,San Diego,Healthcare,500.00,0.05,2022-11-14,Post-IPO,United States,28
Sema4,Stamford,Healthcare,500.00,,2022-11-14,Post-IPO,United States,791
iFit,Logan,Fitness,300.00,0.2,2022-11-14,Private Equity,United States,200
Ribbon,New York City,Real Estate,170.00,0.85,2022-11-14,Series C,United States,405
Pipedrive,Tallinn,Sales,143.00,0.15,2022-11-14,Private Equity,Estonia,90
Intercom,SF Bay Area,Support,124.00,0.13,2022-11-14,Series D,United States,240
Science 37 ,Los Angeles,Healthcare,90.00,,2022-11-14,Post-IPO,United States,347
Pear Therapeutics,Boston,Healthcare,59.00,0.22,2022-11-14,Post-IPO,United States,409
Cardlytics,Atlanta,Marketing,51.00,,2022-11-14,Post-IPO,United States,212
Cloudinary,SF Bay Area,Media,40.00,0.08,2022-11-14,Unknown,United States,100
Nestcoin,Lagos,Crypto,30.00,,2022-11-14,Seed,Nigeria,6
Gokada,Lagos,Transportation,20.00,,2022-11-14,Unknown,Nigeria,12
Shopee,Jakarta,Food,,,2022-11-14,Unknown,Indonesia,
Tricida,SF Bay Area,Healthcare,,0.57,2022-11-14,Post-IPO,United States,624
UiPath,New York City,Data,241.00,0.06,2022-11-15,Post-IPO,United States,2000
Asana,SF Bay Area,Other,180.00,0.09,2022-11-15,Post-IPO,United States,453
OwnBackup,New York City,Security,170.00,0.17,2022-11-15,Series E,United States,507
Deliveroo Australia,Melbourne,Food,120.00,1,2022-11-15,Post-IPO,Australia,1700
Productboard,SF Bay Area,Product,100.00,0.2,2022-11-15,Series D,United States,
Properly,Toronto,Real Estate,71.00,,2022-11-15,Series B,Canada,154
Protocol,SF Bay Area,Media,60.00,1,2022-11-15,Acquired,United States,
Jimdo,Hamburg,Other,50.00,0.16,2022-11-15,Unknown,Germany,28
The Zebra,Austin,Finance,50.00,,2022-11-15,Series D,United States,256
Viber,Luxembourg,Consumer,45.00,0.08,2022-11-15,Acquired,Luxembourg,
CaptivateIQ,SF Bay Area,Sales,31.00,0.1,2022-11-15,Series C,United States,164
Apollo Insurance,Vancouver,Finance,,0.25,2022-11-15,Series B,Canada,11
Nirvana Money,Miami,Finance,,1,2022-11-15,Unknown,United States,
Oatly,Malmö,Food,,,2022-11-15,Post-IPO,Sweden,441
OfferUp,Seattle,Retail,,0.19,2022-11-15,Unknown,United States,381
Outside,Boulder,Media,,0.12,2022-11-15,Series B,United States,174
Rubicon Technologies,Lexington,Other,,0.11,2022-11-15,Post-IPO,United States,382
Tencent,Shenzen,Consumer,,,2022-11-15,Post-IPO,China,12600
Typeform,Barcelona,Marketing,,,2022-11-15,Series C,Spain,187
Whispir,Melbourne,Other,,0.3,2022-11-15,Post-IPO,Australia,68
Amazon,Seattle,Retail,10000.00,0.03,2022-11-16,Post-IPO,United States,108
Cisco,SF Bay Area,Infrastructure,4100.00,0.05,2022-11-16,Post-IPO,United States,2
Twiga,Nairobi,Food,211.00,0.21,2022-11-16,Series C,Kenya,157
Wayflyer,Dublin,Marketing,200.00,0.4,2022-11-16,Unknown,Ireland,889
Similarweb,New York City,Other,120.00,0.1,2022-11-16,Post-IPO,United States,235
Salsify,Boston,Retail,90.00,0.11,2022-11-16,Series F,United States,452
Lokalise,Dover,Other,76.00,0.23,2022-11-16,Series B,United States,56
Yotpo,New York City,Marketing,70.00,0.09,2022-11-16,Unknown,United States,436
Pear Therapeutics,Boston,Healthcare,59.00,0.22,2022-11-16,Post-IPO,United States,409
D2L,Waterloo,Education,,0.05,2022-11-16,Post-IPO,Canada,168
Dance,Berlin,Transportation,,0.16,2022-11-16,Unknown,Germany,63
Homeward,Austin,Real Estate,,0.25,2022-11-16,Unknown,United States,501
Hopin,London,Other,,0.17,2022-11-16,Series D,United Kingdom,1000
Infogrid,London,Other,,,2022-11-16,Series A,United Kingdom,15
Kite,SF Bay Area,Product,,1,2022-11-16,Series A,United States,21
Roku,SF Bay Area,Media,200.00,0.07,2022-11-17,Post-IPO,United States,208
Orchard,New York City,Real Estate,180.00,,2022-11-17,Series D,United States,472
Homepoint,Phoenix,Real Estate,113.00,,2022-11-17,Post-IPO,United States,
Juni,Gothenburg,Finance,72.00,0.33,2022-11-17,Unknown,Sweden,281
Chili Piper,New York City,Sales,58.00,,2022-11-17,Series B,United States,54
Capitolis,New York City,Finance,37.00,0.25,2022-11-17,Series D,United States,281
TealBook,Toronto,Other,34.00,0.19,2022-11-17,Series B,Canada,73
Koho,Toronto,Finance,15.00,0.04,2022-11-17,Series D,Canada,278
&Open,Dublin,Marketing,9.00,0.09,2022-11-17,Series A,Ireland,35
Kandji,San Diego,Other,,0.17,2022-11-17,Series C,United States,188
Morning Brew,New York City,Media,,0.14,2022-11-17,Acquired,United States,
Symend,Calgary,Other,,0.13,2022-11-17,Series C,Canada,148
Carvana,Phoenix,Transportation,1500.00,0.08,2022-11-18,Post-IPO,United States,1600
Nuro,SF Bay Area,Transportation,300.00,0.2,2022-11-18,Series D,United States,2100
Synthego,SF Bay Area,Healthcare,105.00,0.2,2022-11-18,Series E,United States,459
Splyt,London,Transportation,57.00,,2022-11-18,Series B,United Kingdom,34
Capitolis,New York City,Finance,,0.25,2022-11-18,Series D,United States,281
Kavak,Sao Paulo,Transportation,,,2022-11-18,Series E,Brazil,1600
Metaplex,Chicago,Crypto,,,2022-11-18,Unknown,United States,
Ruangguru,Jakarta,Education,,,2022-11-18,Unknown,Indonesia,205
StoryBlocks,Washington D.C.,Media,,0.25,2022-11-18,Acquired,United States,18
Unchained Capital,Austin,Crypto,,0.15,2022-11-18,Series A,United States,33
Zomato,Gurugram,Food,100.00,0.04,2022-11-19,Series J,India,914
Jumia,Lagos,Retail,900.00,0.2,2022-11-21,Post-IPO,Nigeria,1200
Kitopi,Dubai,Food,93.00,0.1,2022-11-21,Series C,United States,804
Devo,Boston,Security,,0.15,2022-11-21,Series F,United States,481
GloriFi,Dallas,Finance,,1,2022-11-21,Unknown,United States,
Western Digital,SF Bay Area,Hardware,251.00,,2022-11-22,Post-IPO,United States,900
SIRCLO,Jakarta,Retail,160.00,0.08,2022-11-22,Series B,Indonesia,92
Movidesk,Blumenau,Support,118.00,,2022-11-22,Acquired,Brazil,11
Trax,Singapore,Retail,80.00,0.08,2022-11-22,Series E,Singapore,1000
Flash Coffee,Singapore,Food,,,2022-11-22,Series B,Singapore,57
Natera,SF Bay Area,Healthcare,,,2022-11-22,Post-IPO,United States,809
Rapyd,Tel Aviv,Finance,,,2022-11-22,Unknown,Israel,770
Reynen Court,Amsterdam,Legal,,,2022-11-22,Unknown,Netherlands,23
Assure,Salt Lake City,Finance,,1,2022-11-23,Seed,United States,2
GoodGood,Toronto,Retail,,1,2022-11-23,Seed,Canada,6
Muni Tienda,Bogota,Other,,1,2022-11-23,Series A,Colombia,20
SWVL,Cairo,Transportation,,0.5,2022-11-23,Post-IPO,Egypt,264
Lemon,Buenos Aires,Crypto,100.00,0.38,2022-11-24,Series A,Argentina,17
Quidax,Lagos,Crypto,20.00,0.2,2022-11-24,Unknown,Nigeria,3
Menulog,Sydney,Food,,,2022-11-24,Acquired,Australia,
Utopia Music,Zug,Media,,,2022-11-24,Series B,Switzerland,
VerSe Innovation,Bengaluru,Media,150.00,0.05,2022-11-25,Series J,India,1700
Carwow,London,Transportation,70.00,0.2,2022-11-25,Unknown,United Kingdom,157
Vendease,Lagos,Food,27.00,0.09,2022-11-25,Series A,Nigeria,43
Zilch,London,Finance,,,2022-11-26,Unknown,United Kingdom,389
Change Invest,Amsterdam,Finance,,0.24,2022-11-27,Unknown,Netherlands,22
Infarm,Berlin,Other,500.00,0.5,2022-11-28,Series D,Germany,604
Wildlife Studios,Sao Paulo,Consumer,300.00,0.2,2022-11-28,Unknown,Brazil,260
Hirect,Bengaluru,Recruiting,200.00,0.4,2022-11-28,Series A,India,
ApplyBoard,Waterloo,Education,90.00,0.06,2022-11-28,Series D,Canada,483
Ajaib,Jakarta,Finance,67.00,0.08,2022-11-28,Unknown,Indonesia,245
Candy Digital,New York City,Crypto,33.00,0.33,2022-11-28,Series A,United States,100
ResearchGate,Berlin,Other,25.00,0.1,2022-11-28,Series D,Germany,87
BlockFi,New York City,Crypto,,1,2022-11-28,Series E,United States,1000
FutureLearn,London,Education,,,2022-11-28,Unknown,United Kingdom,50
Inspectify,Seattle,Real Estate,,,2022-11-28,Series A,United States,11
Ledn,Toronto,Crypto,,,2022-11-28,Series B,Canada,103
NCX,SF Bay Area,Energy,,0.4,2022-11-28,Series B,United States,78
Spora Health,SF Bay Area,Healthcare,,1,2022-11-28,Seed,United States,4
Bitso,Mexico City,Crypto,100.00,,2022-11-29,Series C,Mexico,378
Lyst,London,Retail,50.00,0.25,2022-11-29,Unknown,United Kingdom,144
CoinJar,Melbourne,Crypto,10.00,0.2,2022-11-29,Unknown,Australia,1
Bitfront,SF Bay Area,Crypto,,1,2022-11-29,Unknown,United States,
Codexis,SF Bay Area,Healthcare,,0.18,2022-11-29,Post-IPO,United States,162
Firework,SF Bay Area,Retail,,0.1,2022-11-29,Series B,United States,269
Lazerpay,Lagos,Crypto,,,2022-11-29,Unknown,Nigeria,
MessageBird,Amsterdam,Other,,0.31,2022-11-29,Series C,Netherlands,1100
Plerk,Guadalajara,Finance,,0.4,2022-11-29,Series A,Mexico,13
Proton.ai,Boston,Sales,,,2022-11-29,Series A,United States,20
DoorDash,SF Bay Area,Food,1250.00,0.06,2022-11-30,Post-IPO,United States,2500
Kraken,SF Bay Area,Crypto,1100.00,0.3,2022-11-30,Unknown,United States,134
Happy Money,Los Angeles,Finance,158.00,0.34,2022-11-30,Series D,United States,191
Ula,Jakarta,Retail,134.00,0.23,2022-11-30,Series B,Indonesia,140
Wonder,New York City,Food,130.00,0.07,2022-11-30,Series B,United States,850
StudySmarter,Berlin,Education,70.00,,2022-11-30,Series A,Germany,64
Grin,Sacramento,Marketing,60.00,0.13,2022-11-30,Series B,United States,145
Ualá,Buenos Aires,Finance,53.00,0.03,2022-11-30,Series D,Argentina,544
Teachmint,Bengaluru,Education,45.00,0.05,2022-11-30,Series B,India,118
Etermax,Buenos Aires,Other,40.00,,2022-11-30,Unknown,Argentina,
Thread,London,Retail,30.00,0.5,2022-11-30,Acquired,United Kingdom,40
Nexar,New York City,Transportation,25.00,,2022-11-30,Series D,United States,149
Elastic,SF Bay Area,Data,,0.13,2022-11-30,Post-IPO,United States,162
Motional,Boston,Transportation,,,2022-11-30,Unknown,United States,
Pinterest,SF Bay Area,Consumer,,,2022-11-30,Post-IPO,United States,1500
Sana,Seattle,Healthcare,,0.15,2022-11-30,Series A,United States,700
Venafi,Salt Lake City,Security,,,2022-11-30,Acquired,United States,167
Carousell,Singapore,Retail,110.00,0.1,2022-12-01,Private Equity,Singapore,372
Bizzabo,New York City,Marketing,100.00,0.37,2022-12-01,Series E,United States,194
BloomTech,SF Bay Area,Education,88.00,0.5,2022-12-01,Unknown,United States,
Netlify,SF Bay Area,Product,48.00,0.16,2022-12-01,Series D,United States,212
Springbig,Miami,Sales,37.00,0.23,2022-12-01,Post-IPO,United States,32
Podium,Lehi,Support,,0.12,2022-12-01,Series D,United States,419
SQZ Biotech,Boston,Healthcare,,0.6,2022-12-01,Post-IPO,United States,229
Strava,SF Bay Area,Fitness,,0.14,2022-12-01,Series F,United States,151
Synlogic,Boston,Healthcare,,0.25,2022-12-01,Post-IPO,United States,321
Yapily,London,Finance,,,2022-12-01,Series A,United Kingdom,69
Cognyte,Tel Aviv,Security,100.00,0.05,2022-12-02,Unknown,Israel,
ShareChat,Bengaluru,Consumer,100.00,,2022-12-02,Unknown,India,1700
Polly,Burlington,Finance,47.00,0.15,2022-12-02,Series C,United States,184
Homebound,SF Bay Area,Real Estate,,,2022-12-02,Unknown,United States,128
Lora DiCarlo,Bend,Consumer,,1,2022-12-02,Unknown,United States,9
OYO,Gurugram,Travel,600.00,,2022-12-03,Series F,India,4000
HealthifyMe,Bengaluru,Fitness,150.00,,2022-12-03,Series C,India,100
Bybit,Singapore,Crypto,,0.3,2022-12-03,Unknown,Singapore,
Swyftx,Brisbane,Crypto,90.00,0.4,2022-12-05,Unknown,Australia,
Aqua Security,Boston,Security,65.00,0.1,2022-12-05,Series E,United States,265
DataRails,Tel Aviv,Finance,30.00,0.18,2022-12-05,Series B,Israel,103
Elemy,SF Bay Area,Healthcare,,,2022-12-05,Series B,United States,323
Route,Lehi,Retail,,,2022-12-05,Unknown,United States,481
Thinkific,Vancouver,Education,,,2022-12-05,Post-IPO,Canada,22
Doma,SF Bay Area,Finance,515.00,0.4,2022-12-06,Post-IPO,United States,679
Intel,SF Bay Area,Hardware,201.00,,2022-12-06,Post-IPO,United States,12
BuzzFeed,New York City,Media,180.00,0.12,2022-12-06,Post-IPO,United States,696
Weedmaps,Los Angeles,Other,175.00,0.25,2022-12-06,Acquired,United States,
Adobe,SF Bay Area,Marketing,100.00,,2022-12-06,Post-IPO,United States,2
Chipper Cash,SF Bay Area,Finance,50.00,0.125,2022-12-06,Series C,United States,302
Stash,New York City,Finance,32.00,0.08,2022-12-06,Unknown,United States,480
Perimeter 81,Tel Aviv,Security,20.00,0.08,2022-12-06,Series C,Israel,165
Koinly,London,Crypto,16.00,0.14,2022-12-06,Unknown,United Kingdom,
Bridgit,Waterloo,Construction,13.00,0.13,2022-12-06,Series B,Canada,36
Filevine,Salt Lake City,Legal,,,2022-12-06,Series D,United States,226
Moove,Lagos,Transportation,,,2022-12-06,Unknown,Nigeria,630
Nextiva,Phoenix,Other,,0.17,2022-12-06,Private Equity,United States,200
OneStudyTeam,Boston,Healthcare,,0.25,2022-12-06,Series D,United States,479
Zuora,SF Bay Area,Finance,,0.11,2022-12-06,Post-IPO,United States,647
Vedantu,Bengaluru,Education,385.00,,2022-12-07,Series E,India,292
Loft,Sao Paulo,Real Estate,312.00,0.12,2022-12-07,Unknown,Brazil,788
Plaid,SF Bay Area,Finance,260.00,0.2,2022-12-07,Series D,United States,734
Motive,SF Bay Area,Transportation,237.00,0.06,2022-12-07,Series F,United States,567
Recur Forever,Miami,Crypto,235.00,,2022-12-07,Series A,United States,55
Relativity,Chicago,Legal,150.00,0.1,2022-12-07,Private Equity,United States,125
Voi,Stockholm,Transportation,130.00,0.13,2022-12-07,Series D,United States,515
Integral Ad Science,New York City,Marketing,120.00,0.13,2022-12-07,Acquired,United States,116
Houzz,SF Bay Area,Consumer,95.00,0.08,2022-12-07,Series E,United States,613
Grover,Berlin,Retail,40.00,0.1,2022-12-07,Unknown,United States,2300
Lev,New York City,Real Estate,30.00,0.3,2022-12-07,Series B,United States,114
Lithic,New York City,Finance,27.00,0.18,2022-12-07,Series C,United States,115
CircleCI,SF Bay Area,Product,,0.17,2022-12-07,Series F,United States,315
Detectify,Stockholm,Security,,,2022-12-07,Unknown,Sweden,42
Sayurbox,Jakarta,Food,,0.05,2022-12-07,Series C,Indonesia,139
Zywave,Milwaukee,Finance,,,2022-12-07,Acquired,United States,
Airtable,SF Bay Area,Product,254.00,0.2,2022-12-08,Series F,United States,1400
Swiggy,Bengaluru,Food,250.00,0.03,2022-12-08,Unknown,India,3600
Glints,Singapore,HR,198.00,0.18,2022-12-08,Series D,Singapore,82
Buser,Sao Paulo,Transportation,160.00,0.3,2022-12-08,Series C,Brazil,138
BlackLine,Los Angeles,Finance,95.00,0.05,2022-12-08,Private Equity,United States,220
Chrono24,Karlsruhe,Retail,80.00,,2022-12-08,Series C,Germany,205
Otonomo,Tel Aviv,Transportation,80.00,0.5,2022-12-08,Post-IPO,Israel,231
TechTarget,Boston,Marketing,60.00,0.05,2022-12-08,Post-IPO,United States,115
Inscripta,Boulder,Healthcare,43.00,,2022-12-08,Series E,United States,459
CyCognito,SF Bay Area,Security,30.00,0.15,2022-12-08,Series C,United States,153
Armis,SF Bay Area,Security,25.00,0.04,2022-12-08,Private Equity,United States,537
Bakkt,Atlanta,Crypto,,0.15,2022-12-08,Post-IPO,United States,932
Blue Apron,New York City,Food,,0.1,2022-12-08,Post-IPO,United States,352
FireHydrant,New York City,Infrastructure,,,2022-12-08,Series B,United States,32
Lenovo,Raleigh,Hardware,,,2022-12-08,Post-IPO,United States,850
Nerdy,St. Louis,Education,,0.17,2022-12-08,Post-IPO,United States,150
Vanta,SF Bay Area,Security,,0.14,2022-12-08,Series B,United States,203
Playtika,Tel Aviv,Consumer,600.00,0.15,2022-12-09,Post-IPO,Israel,
Bol.com,Utrecht,Retail,300.00,0.1,2022-12-09,Acquired,Netherlands,
Share Now,Berlin,Transportation,150.00,0.36,2022-12-09,Acquired,Germany,
Alice,Sao Paulo,Healthcare,113.00,0.16,2022-12-09,Series C,Brazil,174
Primer,London,Finance,85.00,0.33,2022-12-09,Series B,United Kingdom,73
OneFootball,Berlin,Marketing,62.00,0.115,2022-12-09,Series D,Germany,442
C2FO,Kansas City,Finance,20.00,0.02,2022-12-09,Series H,United States,537
Brodmann17,Tel Aviv,Other,,1,2022-12-09,Series A,Israel,25
Digital Surge,Brisbane,Crypto,,1,2022-12-09,Unknown,Australia,
N-able Technologies,Raleigh,Other,,,2022-12-09,Post-IPO,United States,225
ZenLedger,Seattle,Crypto,,0.1,2022-12-09,Series B,United States,25
Outschool,SF Bay Area,Education,43.00,0.25,2022-12-10,Series D,United States,240
Xentral,Munich,Product,20.00,0.1,2022-12-10,Series B,Germany,94
Autobooks,Detroit,Finance,,,2022-12-10,Series C,United States,97
Convene,New York City,Real Estate,,,2022-12-10,Unknown,United States,281
PharmEasy,Mumbai,Healthcare,,,2022-12-10,Unknown,India,1600
Pluralsight,Salt Lake City,Education,400.00,0.2,2022-12-12,Acquired,United States,192
Freshly,Phoenix,Food,329.00,,2022-12-12,Acquired,United States,107
Balto,St. Louis,Sales,35.00,,2022-12-12,Series B,United States,51
Caribou,Washington D.C.,Finance,,,2022-12-12,Series C,United States,189
Thumbtack,SF Bay Area,Consumer,160.00,0.14,2022-12-13,Series I,United States,698
Edgio,Phoenix,Infrastructure,95.00,0.1,2022-12-13,Post-IPO,United States,462
Komodo Health,SF Bay Area,Healthcare,78.00,0.09,2022-12-13,Series E,United States,514
Viant,Los Angeles,Marketing,46.00,0.13,2022-12-13,Post-IPO,United States,
TaxBit,Salt Lake City,Crypto,,,2022-12-13,Series B,United States,235
JD.ID,Jakarta,Retail,200.00,0.3,2022-12-14,Post-IPO,Indonesia,5100
GoStudent,Vienna,Education,100.00,,2022-12-14,Series D,Austria,686
Quanergy Systems,SF Bay Area,Transportation,72.00,,2022-12-14,Post-IPO,United States,175
Headspace,Los Angeles,Healthcare,50.00,0.04,2022-12-14,Unknown,United States,215
ChowNow,Los Angeles,Food,40.00,0.1,2022-12-14,Series C,United States,64
Landing,Birmingham,Real Estate,,,2022-12-14,Series C,United States,347
BigCommerce,Austin,Retail,180.00,0.13,2022-12-15,Post-IPO,United States,224
Freshworks,SF Bay Area,Support,90.00,0.02,2022-12-15,Post-IPO,United States,484
LeafLink,New York City,Other,80.00,0.31,2022-12-15,Series C,United States,379
Workmotion,Berlin,HR,60.00,0.2,2022-12-15,Series B,United States,76
Apollo,SF Bay Area,Product,,0.15,2022-12-15,Series D,United States,183
Tomorrow,Hamburg,Finance,30.00,0.25,2022-12-16,Unknown,Germany,29
Revelate,Montreal,Data,24.00,0.3,2022-12-16,Series A,Canada,26
 E Inc.,Toronto,Transportation,,,2022-12-16,Post-IPO,Canada,
Autograph,Los Angeles,Crypto,,,2022-12-16,Series B,United States,205
FreshBooks,Toronto,Finance,,,2022-12-16,Unknown,Canada,331
Improbable,London,Other,,0.1,2022-12-16,Unknown,United Kingdom,704
Modern Treasury,SF Bay Area,Finance,,0.18,2022-12-16,Series C,United States,183
Reach,Calgary,Retail,,0.12,2022-12-16,Series A,Canada,30
SonderMind,Denver,Healthcare,,0.15,2022-12-16,Series C,United States,183
Homebot,Denver,Real Estate,18.00,0.13,2022-12-19,Acquired,United States,4
Health IQ,SF Bay Area,Healthcare,,,2022-12-19,Series D,United States,136
Xiaomi,Beijing,Consumer,,,2022-12-19,Post-IPO,United States,7400
YourGrocer,Melbourne,Food,,1,2022-12-19,Unknown,Australia,2
Chope,Singapore,Food,65.00,0.24,2022-12-20,Series E,Singapore,50
Briza,Toronto,Finance,26.00,0.4,2022-12-20,Series A,Canada,10
StreetBees,London,Data,,,2022-12-20,Unknown,United Kingdom,63
Zhihu,Beijing,Consumer,,0.1,2022-12-20,Series F,China,892
TuSimple,San Diego,Transportation,350.00,0.25,2022-12-21,Post-IPO,United States,648
Lendis,Berlin,Other,,0.5,2022-12-21,Series A,Germany,90
Qualcomm,San Diego,Hardware,153.00,,2022-12-22,Post-IPO,United States,
Willow,Sydney,Real Estate,99.00,0.22,2022-12-23,Unknown,Australia,
Back Market,Paris,Retail,93.00,0.13,2022-12-23,Series E,France,1000
Zoopla,London,Real Estate,50.00,,2022-12-23,Series C,United Kingdom,25
Element,London,Other,,0.15,2022-12-25,Series B,United Kingdom,96
PayU,Amsterdam,Finance,150.00,0.06,2022-12-26,Acquired,Netherlands,
Bilibili,Shanghai,Media,,0.3,2022-12-27,Post-IPO,China,3700
Octopus Network,Beau Vallon,Crypto,,0.4,2022-12-27,Series A,Seychelles,8
Ezoic,San Diego,Infrastructure,35.00,,2022-12-31,Series A,United States,39
Gousto,London,Food,,0.14,2022-12-31,Unknown,United Kingdom,675
Mara,Nairobi,Crypto,,,2022-12-31,Seed,Kenya,23
Micron,Boise,Hardware,4800.00,0.1,2023-01-01,Post-IPO,United States,50
Graphcore,Beijing,Hardware,,,2023-01-01,Series E,China,682
Amdocs,St. Louis,Support,700.00,0.03,2023-01-02,Post-IPO,United States,
Pegasystems,Boston,HR,245.00,0.04,2023-01-03,Post-IPO,United States,
Uniphore,SF Bay Area,Support,76.00,0.1,2023-01-03,Series E,United States,620
Harappa,New Delhi,Education,60.00,0.3,2023-01-03,Acquired,India,
Bytedance,Shanghai,Consumer,,0.1,2023-01-03,Unknown,China,9400
Amazon,Seattle,Retail,8000.00,0.02,2023-01-04,Post-IPO,United States,108
Salesforce,SF Bay Area,Sales,8000.00,0.1,2023-01-04,Post-IPO,United States,65
Astronomer,Cincinnati,Data,76.00,0.2,2023-01-04,Series C,United States,282
Kaltura,New York City,Media,75.00,0.11,2023-01-04,Post-IPO,United States,166
Augury,New York City,Manufacturing,20.00,0.05,2023-01-04,Series E,United States,274
Butterfly Network,Boston,Healthcare,,0.25,2023-01-04,Post-IPO,United States,530
Vimeo,New York City,Consumer,,0.11,2023-01-04,Post-IPO,United States,450
Wyre,SF Bay Area,Crypto,,1,2023-01-04,Unknown,United States,29
Cue,San Diego,Healthcare,388.00,,2023-01-05,Post-IPO,United States,999
SoundHound,SF Bay Area,Other,200.00,0.5,2023-01-05,Post-IPO,United States,326
Socure,Reno,Finance,104.00,0.19,2023-01-05,Series E,United States,646
Genesis,New York City,Crypto,60.00,0.3,2023-01-05,Series A,United States,
Moglix,Singapore,Retail,40.00,0.02,2023-01-05,Series F,Singapore,472
Twitter,SF Bay Area,Consumer,40.00,,2023-01-05,Post-IPO,United States,12900
Everlane,SF Bay Area,Retail,30.00,0.17,2023-01-05,Unknown,United States,176
Pecan AI,Tel Aviv,Data,30.00,0.25,2023-01-05,Series C,Israel,116
Personetics,New York City,Support,30.00,0.08,2023-01-05,Private Equity,United States,178
Twine Solutions ,Tel Aviv,Hardware,30.00,0.33,2023-01-05,Unknown,Israel,50
UpScalio,Gurugram,Retail,25.00,0.15,2023-01-05,Series B,India,62
Attentive,New York City,Marketing,,0.15,2023-01-05,Series E,United States,863
Compass,New York City,Real Estate,,,2023-01-05,Post-IPO,United States,1600
Megaport,Brisbane,Infrastructure,,,2023-01-05,Post-IPO,Australia,98
Stitch Fix,SF Bay Area,Retail,,0.2,2023-01-05,Post-IPO,United States,79
TCR2,Boston,Healthcare,,0.4,2023-01-05,Post-IPO,United States,173
Huobi,Beijing,Crypto,275.00,0.2,2023-01-06,Unknown,China,2
Carbon Health,SF Bay Area,Healthcare,200.00,,2023-01-06,Series D,United States,522
Bounce,Bengaluru,Transportation,40.00,0.05,2023-01-06,Series D,India,214
Aware,Columbus,Security,,,2023-01-06,Series C,United States,88
CareerArc,Los Angeles,HR,,,2023-01-06,Private Equity,United States,30
CreateMe,SF Bay Area,Manufacturing,,,2023-01-06,Unknown,United States,
Lantern,Grand Rapids,Retail,,1,2023-01-06,Seed,United States,40
Mojo Vision,SF Bay Area,Hardware,,0.75,2023-01-06,Series B,United States,204
SuperRare,Wilmington,Crypto,,0.3,2023-01-06,Series A,United States,9
Integrate,Phoenix,Marketing,,,2023-01-07,Acquired,United States,80
Minute Media,London,Media,50.00,0.1,2023-01-08,Series I,United Kingdom,160
WalkMe,SF Bay Area,Other,43.00,0.03,2023-01-08,Post-IPO,United States,307
Fate Therapeutics,San Diego,Healthcare,315.00,0.57,2023-01-09,Post-IPO,United States,1200
Century Therapeutics,Philadelphia,Healthcare,,,2023-01-09,Post-IPO,United States,560
Editas Medicine,Boston,Healthcare,,0.2,2023-01-09,Post-IPO,United States,656
Scale AI,SF Bay Area,Data,,0.2,2023-01-09,Series E,United States,602
Coinbase,SF Bay Area,Crypto,950.00,0.2,2023-01-10,Post-IPO,United States,549
Informatica,SF Bay Area,Data,450.00,0.07,2023-01-10,Post-IPO,United States,
Blend,SF Bay Area,Finance,340.00,0.28,2023-01-10,Post-IPO,United States,665
Till Payments,Sydney,Finance,120.00,,2023-01-10,Series C,Australia,95
ConsenSys,New York City,Crypto,100.00,0.11,2023-01-10,Series D,United States,726
ForeScout,Tel Aviv,Security,100.00,0.1,2023-01-10,Acquired,United States,125
Thinkific,Vancouver,Education,76.00,0.19,2023-01-10,Post-IPO,Canada,22
LEAD,Mumbai,Education,60.00,,2023-01-10,Series E,India,190
Parler,Nashville,Consumer,60.00,0.75,2023-01-10,Series B,United States,36
GoBolt,Toronto,Logistics,55.00,0.05,2023-01-10,Series C,Canada,178
Relevel,Bengaluru,HR,40.00,0.2,2023-01-10,,India,
StreamElements,Tel Aviv,Media,40.00,0.2,2023-01-10,Series B,Israel,111
Cart.com,Austin,Retail,25.00,0.04,2023-01-10,Unknown,United States,383
100 Thieves,Los Angeles,Retail,,,2023-01-10,Series C,United States,120
Beamery,London,HR,,0.12,2023-01-10,Series D,United States,223
Cart.com,Austin,Retail,,,2023-01-10,Unknown,United States,383
Citrix,Miami,Infrastructure,,0.15,2023-01-10,Acquired,United States,20
Esper,Seattle,Other,,0.21,2023-01-10,Series A,United States,10
WHOOP,Boston,Fitness,,0.04,2023-01-10,Series F,United States,404
Flexport,SF Bay Area,Logistics,640.00,0.2,2023-01-11,Series E,United States,2400
Qualtrics,Salt Lake City,Other,270.00,0.05,2023-01-11,Post-IPO,United States,400
Verily,SF Bay Area,Healthcare,250.00,0.15,2023-01-11,,United States,3500
Tipalti,SF Bay Area,Finance,123.00,0.11,2023-01-11,Series F,United States,565
Jumio,SF Bay Area,Security,100.00,0.06,2023-01-11,Private Equity,United States,205
CoinDCX,Mumbai,Crypto,80.00,,2023-01-11,Series D,India,244
HashiCorp,SF Bay Area,Security,69.00,,2023-01-11,Post-IPO,United States,349
Embark Vet,Boston,Healthcare,41.00,,2023-01-11,Series B,United States,94
Intrinsic,SF Bay Area,Other,40.00,0.2,2023-01-11,Acquired,United States,
Citizen,New York City,Consumer,33.00,,2023-01-11,Series C,United States,133
Carta,SF Bay Area,HR,,0.1,2023-01-11,Series G,United States,1100
Limeade,Seattle,HR,,0.15,2023-01-11,Series C,United States,33
Oyster,Charlotte,HR,,,2023-01-11,Series C,United States,224
Paddle,London,Finance,,0.08,2023-01-11,Series D,United Kingdom,293
Lending Club,SF Bay Area,Finance,225.00,0.14,2023-01-12,Post-IPO,United States,392
SmartNews,Tokyo,Media,120.00,0.4,2023-01-12,Series F,United States,410
Skit.ai,Bengaluru,Support,115.00,,2023-01-12,Series B,India,28
Pier,Sao Paulo,Finance,111.00,0.39,2023-01-12,Series B,Brazil,42
Blockchain.com,London,Crypto,110.00,0.28,2023-01-12,Series D,United Kingdom,490
Lattice,SF Bay Area,HR,105.00,0.15,2023-01-12,Series F,United States,328
Greenlight,Atlanta,Finance,104.00,0.21,2023-01-12,Series D,United States,556
Cashfree Payments,Bengaluru,Finance,100.00,,2023-01-12,Series B,India,41
Mapbox,Washington D.C.,Data,64.00,,2023-01-12,Unknown,United States,334
Definitive Healthcare,Boston,Healthcare,55.00,0.06,2023-01-12,Post-IPO,United States,
Akili Labs,Boston,Healthcare,46.00,0.3,2023-01-12,Post-IPO,United States,301
Career Karma,SF Bay Area,Education,22.00,,2023-01-12,Series B,United States,51
Crypto.com,Singapore,Crypto,,0.2,2023-01-12,Unknown,United States,
Life360,SF Bay Area,Consumer,,0.14,2023-01-12,Post-IPO,United States,158
Rock Content,Miami,Marketing,,0.15,2023-01-12,Series B,United States,34
Black Shark,Shenzen,Hardware,900.00,,2023-01-13,Unknown,China,
Ola,Bengaluru,Transportation,200.00,,2023-01-13,Series J,India,5000
Bonterra ,Austin,Other,140.00,0.1,2023-01-13,Unknown,United States,
Vial,SF Bay Area,Healthcare,40.00,,2023-01-13,Series B,United States,101
Arch Oncology,Brisbane,Healthcare,,1,2023-01-13,Series C,United States,155
Carvana,Phoenix,Transportation,,,2023-01-13,Post-IPO,United States,1600
CoSchedule,Bismarck,Marketing,,,2023-01-13,Unknown,United States,2
GoCanvas,Washington D.C.,Other,,,2023-01-13,Acquired,United States,21
Jellyfish,Boston,Product,,0.09,2023-01-13,Series C,United States,114
Captain Fresh ,Bengaluru,Food,120.00,,2023-01-15,Series C,India,126
Snappy,New York City,Marketing,100.00,0.3,2023-01-15,Series C,United States,104
BharatAgri,Mumbai,Food,40.00,0.43,2023-01-15,Series A,India,21
DeHaat,Patna,Food,,0.05,2023-01-15,Series E,India,254
PagBank,Sao Paulo,Finance,500.00,0.07,2023-01-16,Post-IPO,Brazil,
ShareChat,Bengaluru,Consumer,500.00,0.2,2023-01-16,Series H,India,1700
Gramophone,Indore,Food,75.00,,2023-01-16,Series B,India,17
ClearCo,Toronto,Finance,50.00,0.3,2023-01-16,Series C,Canada,698
Dunzo,Bengaluru,Food,,0.03,2023-01-16,Unknown,India,382
Ignition,Sydney,Finance,,0.1,2023-01-16,Series C,Australia,74
Rebel Foods,Mumbai,Food,,0.02,2023-01-16,Unknown,India,548
Lightspeed Commerce,Montreal,Retail,300.00,0.1,2023-01-17,Post-IPO,Canada,1200
Unity,SF Bay Area,Other,284.00,0.03,2023-01-17,Post-IPO,United States,1300
Britishvolt,London,Transportation,206.00,1,2023-01-17,Unknown,United Kingdom,2400
Clutch,Toronto,Transportation,150.00,,2023-01-17,Unknown,Canada,253
Exotel,Bengaluru,Support,142.00,0.15,2023-01-17,Series D,India,87
Unico,Sao Paulo,Other,110.00,0.1,2023-01-17,Series D,Brazil,336
Tul,Bogota,Construction,100.00,,2023-01-17,Series B,Colombia,218
American Robotics,Boston,Other,50.00,0.65,2023-01-17,Acquired,United States,92
Luxury Presence,Los Angeles,Real Estate,44.00,,2023-01-17,Series B,United States,31
RingCentral,SF Bay Area,Other,30.00,,2023-01-17,Post-IPO,United States,44
Avaya,Durham,Other,,,2023-01-17,Post-IPO,United States,700
Fishbrain,Stockholm,Consumer,,,2023-01-17,Unknown,United States,59
GoMechanic,Gurugram,Transportation,,0.7,2023-01-17,Series C,India,54
LiveVox,SF Bay Area,Support,,0.16,2023-01-17,Post-IPO,United States,12
Oracle,SF Bay Area,Other,,,2023-01-17,Post-IPO,United States,
Rappi,Buenos Aires,Food,,,2023-01-17,Unknown,Argentina,2300
RateGenius,Austin,Finance,,,2023-01-17,Acquired,United States,2
XP,Sao Paulo,Finance,,,2023-01-17,Post-IPO,Brazil,
Microsoft,Seattle,Other,10000.00,0.05,2023-01-18,Post-IPO,United States,1
Sophos,Oxford,Security,450.00,0.1,2023-01-18,Acquired,United States,125
Teladoc Health,New York City,Healthcare,300.00,0.06,2023-01-18,Post-IPO,United States,172
Vroom,New York City,Transportation,275.00,0.2,2023-01-18,Post-IPO,United States,1300
8x8,SF Bay Area,Support,155.00,0.07,2023-01-18,Post-IPO,United States,253
Pagaya,Tel Aviv,Finance,140.00,0.2,2023-01-18,Post-IPO,Israel,571
Benevity,Calgary,Other,137.00,0.14,2023-01-18,Unknown,Canada,69
Inspirato,Denver,Travel,109.00,0.12,2023-01-18,Post-IPO,United States,179
Jumpcloud,Boulder,Security,100.00,0.12,2023-01-18,Series F,United States,416
nCino,Wilmington,Finance,100.00,0.07,2023-01-18,Post-IPO,United States,1100
Starry,Boston,Other,100.00,0.24,2023-01-18,Post-IPO,United States,260
Hootsuite,Vancouver,Marketing,70.00,0.07,2023-01-18,Series C,Canada,300
Clue,Berlin,Healthcare,31.00,0.31,2023-01-18,Unknown,Germany,47
Addepar,SF Bay Area,Finance,20.00,0.03,2023-01-18,Series F,United States,491
80 Acres Farms,Cincinnati,Food,,0.1,2023-01-18,Unknown,United States,275
Aiven,Helsinki,Infrastructure,,0.2,2023-01-18,Series D,Finland,420
Bally's Interactive,Providence,Consumer,,0.15,2023-01-18,Post-IPO,United States,946
Betterfly,Santiago,Healthcare,,0.3,2023-01-18,Series C,Chile,204
Cazoo,London,Transportation,,,2023-01-18,Post-IPO,United Kingdom,2000
Coda,SF Bay Area,Other,,,2023-01-18,Series D,United States,240
Cypress.io,Atlanta,Product,,,2023-01-18,Series B,United States,54
Lucid Diagnostics,New York City,Healthcare,,0.2,2023-01-18,Post-IPO,United States,
Mavenir,Dallas,Infrastructure,,,2023-01-18,Acquired,United States,854
Redbubble,Melbourne,Retail,,0.14,2023-01-18,Post-IPO,Australia,55
Capital One,Washington D.C.,Finance,1100.00,,2023-01-19,Post-IPO,United States,
Proterra,SF Bay Area,Transportation,300.00,,2023-01-19,Post-IPO,United States,1200
WeWork ,New York City,Real Estate,300.00,,2023-01-19,Post-IPO,United States,22200
Hubilo,SF Bay Area,Other,115.00,0.35,2023-01-19,Series B,United States,153
Saks.com,New York City,Retail,100.00,0.05,2023-01-19,Unknown,United States,965
CS Disco,Austin,Legal,62.00,0.09,2023-01-19,Post-IPO,United States,233
Riot Games,Los Angeles,Consumer,46.00,,2023-01-19,Acquired,United States,21
Hydrow,Boston,Fitness,30.00,,2023-01-19,Series D,United States,269
Earth Rides,Nashville,Transportation,,1,2023-01-19,Unknown,United States,2
Fandom,SF Bay Area,Media,,,2023-01-19,Series E,United States,145
IAM Robotics,Pittsburgh,Hardware,,,2023-01-19,Unknown,United States,21
Icertis,Seattle,Legal,,,2023-01-19,Unknown,United States,521
Magnite,Los Angeles,Marketing,,0.06,2023-01-19,Post-IPO,United States,400
Mudafy,Mexico City,Real Estate,,0.7,2023-01-19,Series A,United States,13
Personalis,SF Bay Area,Healthcare,,0.3,2023-01-19,Post-IPO,United States,225
Prisma,SF Bay Area,Data,,0.28,2023-01-19,Series B,United States,56
Spaceship,Sydney,Finance,,,2023-01-19,Series A,Australia,41
Wallbox,Barcelona,Energy,,0.15,2023-01-19,Post-IPO,Spain,167
Google,SF Bay Area,Consumer,12000.00,0.06,2023-01-20,Post-IPO,United States,26
Wayfair,Boston,Retail,1750.00,0.1,2023-01-20,Post-IPO,United States,1700
Swiggy,Bengaluru,Food,380.00,0.06,2023-01-20,Unknown,India,3600
MediBuddy,Bengaluru,Healthcare,200.00,0.08,2023-01-20,Acquired,India,192
Vox Media,Washington D.C.,Media,130.00,0.07,2023-01-20,Series F,United States,307
BitTorrent,SF Bay Area,Infrastructure,92.00,,2023-01-20,Acquired,United States,
Karat,Seattle,HR,47.00,,2023-01-20,Unknown,United States,169
Enjoei,Sao Paulo,Retail,31.00,0.1,2023-01-20,Unknown,Brazil,14
Edifecs,Seattle,Healthcare,30.00,,2023-01-20,Unknown,United States,1
Citrine Informatics,SF Bay Area,Data,22.00,0.27,2023-01-20,Series C,United States,64
Avalara,Seattle,Finance,,,2023-01-20,Acquired,United States,341
Cyteir Therapeutics,Boston,Healthcare,,0.7,2023-01-20,Series C,United States,156
Morning Consult,Washington D.C.,Data,,,2023-01-20,Series B,United States,91
TikTok,Los Angeles,Consumer,,,2023-01-20,Acquired,United States,
Zappos,Las Vegas,Retail,,,2023-01-20,Acquired,United States,62
BUX,Amsterdam,Finance,,,2023-01-22,Series C,Netherlands,115
Spotify,Stockholm,Media,600.00,0.06,2023-01-23,Post-IPO,Sweden,2100
Uber Freight,SF Bay Area,Logistics,150.00,0.03,2023-01-23,Subsidiary,United States,2700
Inmobi,Bengaluru,Marketing,50.00,,2023-01-23,Unknown,India,320
Innovid,New York City,Marketing,40.00,0.1,2023-01-23,Post-IPO,United States,295
Booktopia,Sydney,Retail,30.00,,2023-01-23,Series A,Australia,23
Ermetic,SF Bay Area,Security,30.00,0.17,2023-01-23,Series B,United States,97
Namogoo,Tel Aviv,Marketing,20.00,0.15,2023-01-23,Series C,United States,69
Camp K12,Gurugram,Education,,0.7,2023-01-23,Series A,India,16
Gemini,New York City,Crypto,,0.1,2023-01-23,Unknown,United States,423
Yext,New York City,Marketing,,0.08,2023-01-23,Post-IPO,United States,117
Vacasa,Portland,Travel,1300.00,0.17,2023-01-24,Post-IPO,United States,834
Innovaccer,SF Bay Area,Healthcare,245.00,0.15,2023-01-24,Series E,United States,379
Bolt,SF Bay Area,Finance,50.00,0.1,2023-01-24,Series E,United States,1300
PartnerStack,Toronto,Sales,40.00,0.2,2023-01-24,Series B,Canada,36
Gitpod,Kiel,Product,21.00,0.28,2023-01-24,Series A,Germany,41
OFFOR Health,Columbus,Healthcare,16.00,,2023-01-24,Series A,United States,14
Venngage,Toronto,Marketing,11.00,0.2,2023-01-24,Unknown,Canada,
CoachHub,Berlin,HR,,0.1,2023-01-24,Series C,Germany,332
Corvus Insurance,Boston,Finance,,0.14,2023-01-24,Series C,United States,160
Icon,Austin,Construction,,,2023-01-24,Series B,United States,451
PagerDuty,SF Bay Area,Product,,0.07,2023-01-24,Post-IPO,United States,173
Scoro,London,HR,,0.09,2023-01-24,Series B,United Kingdom,23
IBM,New York City,Hardware,3900.00,0.02,2023-01-25,Post-IPO,United States,
Lam Research,SF Bay Area,Hardware,1300.00,0.07,2023-01-25,Post-IPO,United States,
Shutterfly,SF Bay Area,Retail,360.00,,2023-01-25,Acquired,United States,50
Luno,London,Crypto,330.00,0.35,2023-01-25,Acquired,United Kingdom,13
Clear Capital,Reno,Real Estate,250.00,0.25,2023-01-25,Unknown,United States,
Guardant Health,SF Bay Area,Healthcare,130.00,0.07,2023-01-25,Post-IPO,United States,550
SirionLabs,Seattle,Legal,130.00,0.15,2023-01-25,Series D,United States,171
Tier Mobility,Berlin,Transportation,80.00,0.07,2023-01-25,Series D,Germany,646
CareRev,Los Angeles,Healthcare,,,2023-01-25,Series A,United States,51
Finastra,Tel Aviv,Finance,,,2023-01-25,Unknown,Israel,
Noom,New York City,Fitness,,,2023-01-25,Series F,United States,657
PagSeguro,Sao Paulo,Finance,,0.07,2023-01-25,Post-IPO,Brazil,
Prosus,Amsterdam,Other,,0.3,2023-01-25,Unknown,Netherlands,
SAP,Walldorf,Other,3000.00,0.03,2023-01-26,Post-IPO,Germany,1300
Confluent,SF Bay Area,Data,221.00,0.08,2023-01-26,Post-IPO,United States,455
Glisser,London,Travel,25.00,1,2023-01-26,Unknown,United Kingdom,1
DriveWealth,Jersey City,Finance,,0.2,2023-01-26,Series D,United States,550
Mode Global,London,Finance,,1,2023-01-26,Post-IPO,United Kingdom,
Plus One Robotics,San Antonio,Other,,0.1,2023-01-26,Series B,United States,43
Quora,SF Bay Area,Consumer,,,2023-01-26,Series D,United States,226
SSense,Montreal,Retail,138.00,0.07,2023-01-27,Series A,Canada,
DealShare,Bengaluru,Retail,100.00,0.06,2023-01-27,Series E,India,390
Ruggable,Los Angeles,Retail,100.00,,2023-01-27,Seed,United States,
Synopsys,SF Bay Area,Other,100.00,,2023-01-27,Post-IPO,United States,
Heycar,Berlin,Transportation,73.00,,2023-01-27,Unknown,Germany,
Matrixport,Singapore,Crypto,29.00,0.1,2023-01-27,Series C,Singapore,100
Shakepay,Montreal,Crypto,21.00,0.25,2023-01-27,Series A,Canada,45
#Paid,Toronto,Marketing,19.00,0.17,2023-01-27,Series B,Canada,21
Decent,SF Bay Area,Healthcare,,,2023-01-27,Series A,United States,18
Feedzai,Coimbra,Finance,,,2023-01-27,Unknown,Portugal,273
Nate,New York City,Retail,,,2023-01-27,Series A,United States,47
Soundwide,Berlin,Other,,0.08,2023-01-27,,Germany,
Me Poupe,Sao Paulo,Finance,60.00,0.5,2023-01-28,Unknown,Brazil,
CoinTracker,SF Bay Area,Crypto,19.00,,2023-01-28,Series A,United States,101
Hoxhunt,Helsinki,Security,,,2023-01-29,Series B,Finland,43
Philips,Amsterdam,Healthcare,6000.00,0.13,2023-01-30,Post-IPO,Netherlands,
OLX Group,Amsterdam,Marketing,1500.00,0.15,2023-01-30,Acquired,Netherlands,
Arrival,London,Transportation,800.00,0.5,2023-01-30,Post-IPO,United Kingdom,629
Groupon,Chicago,Retail,500.00,,2023-01-30,Post-IPO,United States,1400
Intel,SF Bay Area,Hardware,343.00,,2023-01-30,Post-IPO,United States,12
Glovo,Barcelona,Food,250.00,0.06,2023-01-30,Acquired,Spain,1200
Delivery Hero,Berlin,Food,156.00,0.04,2023-01-30,Post-IPO,Germany,9900
Impossible Foods copy,SF Bay Area,Food,140.00,0.2,2023-01-30,Series H,United States,1900
Chrono24,Karlsruhe,Retail,65.00,0.13,2023-01-30,Series C,Germany,205
BM Technologies,Philadelphia,Finance,,0.25,2023-01-30,Post-IPO,United States,
Olist,Curitiba,Retail,,,2023-01-30,Series E,Brazil,322
Oyster,Charlotte,HR,,,2023-01-30,Series C,United States,224
Prime Trust,Las Vegas,Crypto,,0.33,2023-01-30,Series B,United States,176
Quantum SI,New Haven,Healthcare,,0.12,2023-01-30,Post-IPO,United States,425
SoFi,SF Bay Area,Finance,,,2023-01-30,Post-IPO,United States,3000
PayPal,SF Bay Area,Finance,2000.00,0.07,2023-01-31,Post-IPO,United States,216
NetApp,SF Bay Area,Data,960.00,0.08,2023-01-31,Post-IPO,United States,
Workday,SF Bay Area,HR,525.00,0.03,2023-01-31,Post-IPO,United States,230
HubSpot,Boston,Marketing,500.00,0.07,2023-01-31,Post-IPO,United States,100
Upstart,SF Bay Area,Finance,365.00,0.2,2023-01-31,Post-IPO,United States,144
Software AG,Frankfurt,Data,200.00,0.04,2023-01-31,Post-IPO,Germany,344
Wish,SF Bay Area,Retail,150.00,0.17,2023-01-31,Post-IPO,United States,1600
Wefox,Berlin,Finance,100.00,,2023-01-31,Series D,Germany,1300
Tilting Point,New York City,Consumer,60.00,0.14,2023-01-31,Unknown,United States,235
Gokada,Lagos,Transportation,54.00,,2023-01-31,Unknown,Nigeria,12
Nubank,Sao Paulo,Finance,40.00,,2023-01-31,Post-IPO,Brazil,4100
AU10TIX,Tel Aviv,Security,19.00,0.09,2023-01-31,Unknown,Israel,80
National Instruments,Austin,Hardware,,0.04,2023-01-31,Post-IPO,United States,
OpenText,Waterloo,Data,,0.08,2023-01-31,Post-IPO,Canada,1100
Splunk,SF Bay Area,Data,325.00,0.04,2023-02-01,Post-IPO,United States,2400
Pinterest,SF Bay Area,Consumer,150.00,,2023-02-01,Post-IPO,United States,1500
DraftKings,Boston,Consumer,140.00,0.04,2023-02-01,Post-IPO,United States,719
Cyren,Washington D.C.,Security,121.00,,2023-02-01,Post-IPO,United States,161
Workato,SF Bay Area,Other,90.00,0.1,2023-02-01,Series E,United States,415
VerticalScope,Toronto,Media,60.00,0.22,2023-02-01,Post-IPO,Canada,
Wheel,Austin,Healthcare,56.00,0.28,2023-02-01,Series C,United States,215
Chainalysis,New York City,Crypto,44.00,0.05,2023-02-01,Series F,United States,536
Appgate,Miami,Security,34.00,0.08,2023-02-01,Post-IPO,United States,
Exterro,Portland,Legal,24.00,0.03,2023-02-01,Private Equity,United States,100
TheSkimm,New York City,Media,17.00,0.1,2023-02-01,Series C,United States,28
Ada,Toronto,Support,,,2023-02-01,Series C,Canada,190
Bustle Digital Group,New York City,Media,,0.08,2023-02-01,Series E,United States,80
Frequency Therapeutics,Boston,Healthcare,,0.5,2023-02-01,Post-IPO,United States,76
MariaDB,Helsinki,Data,,0.08,2023-02-01,Post-IPO,Finland,245
Match Group,New York City,Consumer,,0.08,2023-02-01,Post-IPO,United States,
Omnipresent,London,HR,,,2023-02-01,Series B,United States,137
Picnic,Seattle,Food,,,2023-02-01,Unknown,United States,52
Rivian,Detroit,Transportation,,0.06,2023-02-01,Post-IPO,United States,10700
Byju's,Bengaluru,Education,1500.00,,2023-02-02,Private Equity,India,5500
Okta,SF Bay Area,Security,300.00,0.05,2023-02-02,Post-IPO,United States,1200
Autodesk,SF Bay Area,Other,250.00,0.02,2023-02-02,Post-IPO,United States,
Mindstrong,SF Bay Area,Healthcare,127.00,,2023-02-02,Series C,United States,160
NCC Group,Manchester,Security,125.00,0.07,2023-02-02,Post-IPO,United Kingdom,
Miro,SF Bay Area,Other,119.00,0.07,2023-02-02,Series C,United States,476
Getir,New York City,Food,100.00,,2023-02-02,Series E,United States,1800
Highspot,Seattle,Sales,100.00,0.1,2023-02-02,Series F,United States,644
Bittrex,Seattle,Crypto,80.00,,2023-02-02,Unknown,United States,
Snowplow,London,Data,40.00,,2023-02-02,Series B,United States,55
Articulate,New York City,Education,38.00,,2023-02-02,Series A,United States,1500
Desktop Metal,Boston,Other,,,2023-02-02,Post-IPO,United States,811
Getaround,SF Bay Area,Transportation,,0.1,2023-02-02,Post-IPO,United States,948
NCSoft,Seoul,Consumer,,0.2,2023-02-02,Post-IPO,South Korea,240
Sharesies,Wellington,Finance,,,2023-02-02,Series C,New Zealand,60
Talkdesk,SF Bay Area,Support,,,2023-02-02,Series D,United States,497
Eightfold AI,SF Bay Area,HR,90.00,0.15,2023-02-03,Series E,United States,396
FarEye,New Delhi,Logistics,90.00,,2023-02-03,Series E,India,150
Protocol Labs,SF Bay Area,Crypto,89.00,0.2,2023-02-03,Unknown,United States,10
Built Technologies copy,Nashville,Construction,,0.08,2023-02-03,Unknown,United States,313
Finder,Sydney,Retail,,0.15,2023-02-03,Unknown,Australia,30
Kyruus,Boston,Healthcare,70.00,,2023-02-05,Unknown,United States,183
Lightico,Tel Aviv,Finance,20.00,0.25,2023-02-05,Series B,Israel,42
Dell,Austin,Hardware,6650.00,0.05,2023-02-06,Post-IPO,United States,
Loggi,Sao Paulo,Logistics,300.00,0.07,2023-02-06,Series F,Brazil,507
Catch.com.au,Melbourne,Retail,100.00,,2023-02-06,Acquired,Australia,80
VinFast US,Los Angeles,Transportation,80.00,,2023-02-06,Subsidiary,United States,
Drift,Boston,Marketing,59.00,,2023-02-06,Acquired,United States,107
Pocket Aces,Mumbai,Media,50.00,0.25,2023-02-06,Unknown,India,19
Clari,SF Bay Area,Sales,20.00,,2023-02-06,Series F,United States,496
C6 Bank,Sao Paulo,Finance,,,2023-02-06,Unknown,Brazil,2300
Daraz,Singapore,Retail,,0.11,2023-02-06,Unknown,Singapore,
TenureX,Tel Aviv,Finance,,,2023-02-06,Seed,Israel,6
Zoom,SF Bay Area,Other,1300.00,0.15,2023-02-07,Post-IPO,United States,276
eBay,SF Bay Area,Retail,500.00,0.04,2023-02-07,Post-IPO,United States,1200
SecureWorks,Atlanta,Security,212.00,0.09,2023-02-07,Post-IPO,United States,83
Salesloft,Atlanta,Sales,100.00,0.1,2023-02-07,Acquired,United States,245
Openpay,Melbourne,Finance,83.00,1,2023-02-07,Post-IPO,Australia,299
LearnUpon,Dublin,Education,27.00,0.09,2023-02-07,Private Equity,Ireland,56
Sana Benefits,Austin,HR,,0.19,2023-02-07,Series B,United States,106
GoDaddy,Phoenix,Marketing,530.00,0.08,2023-02-08,Post-IPO,United States,800
Affirm,SF Bay Area,Finance,500.00,0.19,2023-02-08,Post-IPO,United States,1500
Gusto,SF Bay Area,HR,126.00,0.05,2023-02-08,Series E,United States,746
Gong,SF Bay Area,Sales,80.00,0.07,2023-02-08,Series E,United States,583
Beam Benefits,Columbus,Healthcare,31.00,0.08,2023-02-08,Series E,United States,168
Equitybee,SF Bay Area,Finance,24.00,0.25,2023-02-08,Series B,United States,85
Baraja,Sydney,Transportation,,0.75,2023-02-08,Unknown,Australia,63
Koho,Toronto,Finance,,0.14,2023-02-08,Series D,Canada,278
Medly,New York City,Healthcare,,1,2023-02-08,Series C,United States,100
Nearmap,Sydney,Construction,,0.2,2023-02-08,Acquired,Australia,15
Yahoo,SF Bay Area,Consumer,1600.00,0.2,2023-02-09,Acquired,United States,6
Misfits Market,Philadelphia,Food,649.00,0.33,2023-02-09,Series C,United States,526
Deliveroo,London,Food,350.00,0.09,2023-02-09,Post-IPO,United Kingdom,1700
Olive AI,Columbus,Healthcare,215.00,0.35,2023-02-09,Series H,United States,856
Oportun,SF Bay Area,Finance,155.00,0.1,2023-02-09,Post-IPO,United States,566
GitLab,SF Bay Area,Product,130.00,0.07,2023-02-09,Post-IPO,United States,413
Bark,New York City,Retail,126.00,0.12,2023-02-09,Post-IPO,United States,
Veriff,Tallinn,Security,66.00,0.12,2023-02-09,Series C,Estonia,192
REE Automotive,Tel Aviv,Transportation,31.00,0.11,2023-02-09,Post-IPO,Israel,317
GitHub,SF Bay Area,Product,,0.1,2023-02-09,Acquired,United States,350
Quillt,St. Louis,Media,,,2023-02-09,Unknown,United States,
WeTrade,Bengaluru,Crypto,,1,2023-02-09,Unknown,India,
TripleLift,New York City,Marketing,100.00,0.2,2023-02-10,Acquired,United States,16
Titan Medical,Toronto,Healthcare,48.00,0.72,2023-02-10,Post-IPO,Canada,278
TikTok India,Mumbai,Consumer,40.00,,2023-02-10,Acquired,India,9400
Syft Technologies,Auckland,Manufacturing,30.00,0.2,2023-02-10,Private Equity,New Zealand,
Open Co,Sao Paulo,Finance,,,2023-02-10,Series D,Brazil,140
Rigetti Computing,SF Bay Area,Hardware,,0.28,2023-02-10,Post-IPO,United States,298
Wonderschool,SF Bay Area,Education,,,2023-02-10,Series A,United States,24
Moladin,Jakarta,Transportation,360.00,0.11,2023-02-12,Series B,Indonesia,138
Twilio,SF Bay Area,Other,1500.00,0.17,2023-02-13,Post-IPO,United States,614
Electric,New York City,Other,141.00,0.25,2023-02-13,Series D,United States,212
EMX Digital,New York City,Marketing,100.00,1,2023-02-13,Unknown,United States,
PetLove,Sao Paulo,Retail,94.00,,2023-02-13,Series C,Brazil,225
iRobot,Boston,Consumer,85.00,0.07,2023-02-13,Acquired,United States,30
Collective Health,SF Bay Area,Healthcare,54.00,,2023-02-13,Series F,United States,719
Magic Eden,SF Bay Area,Crypto,22.00,,2023-02-13,Series B,United States,170
Casavo,Milan,Real Estate,,0.3,2023-02-13,Unknown,Italy,708
Foodpanda,Singapore,Food,,,2023-02-13,Acquired,Singapore,749
Getir,London,Food,,,2023-02-13,Series E,United Kingdom,1800
LinkedIn,SF Bay Area,Recruiting,,,2023-02-13,Acquired,United States,154
Blackbaud,Charleston,Other,500.00,0.14,2023-02-14,Post-IPO,United States,
CommerceHub,Albany,Retail,371.00,0.31,2023-02-14,Acquired,United States,
Dropp,Berlin,Retail,60.00,1,2023-02-14,Unknown,Germany,2
HackerEarth,SF Bay Area,HR,,0.08,2023-02-14,Series B,United States,11
PhableCare,Bengaluru,Healthcare,,0.7,2023-02-14,Series B,India,40
Udemy,SF Bay Area,Education,,0.1,2023-02-14,Post-IPO,United States,311
Wix,Tel Aviv,Marketing,370.00,0.06,2023-02-15,Post-IPO,Israel,58
ServiceTitan,Los Angeles,Sales,221.00,0.08,2023-02-15,Series G,United States,1100
Neon,Sao Paulo,Finance,210.00,0.09,2023-02-15,Series D,Brazil,720
Jellysmack,Paris,Media,208.00,,2023-02-15,Series C,France,22
DigitalOcean,New York City,Infrastructure,200.00,0.11,2023-02-15,Post-IPO,United States,491
Sprinklr,New York City,Support,100.00,0.04,2023-02-15,Post-IPO,United States,429
Betterment,New York City,Finance,28.00,,2023-02-15,Series F,United States,435
Divvy Homes,SF Bay Area,Real Estate,,,2023-02-15,Series B,United States,180
Milkrun,Sydney,Food,,0.2,2023-02-15,Series A,Australia,86
Momentive,SF Bay Area,Marketing,,0.14,2023-02-15,Post-IPO,United States,1100
Observe.AI,SF Bay Area,Support,,,2023-02-15,Series C,United States,214
Religion of Sports,Los Angeles,Media,,,2023-02-15,Series B,United States,63
Tackle,Boise,Other,,0.15,2023-02-15,Series C,United States,148
Vicarious Surgical,Boston,Healthcare,,0.14,2023-02-15,Post-IPO,United States,185
DocuSign,SF Bay Area,Sales,680.00,0.1,2023-02-16,Post-IPO,United States,536
Pico Interactive,SF Bay Area,Other,400.00,0.2,2023-02-16,Acquired,United States,62
The RealReal,SF Bay Area,Retail,230.00,0.07,2023-02-16,Post-IPO,United States,356
Smartsheet,Seattle,Other,85.00,0.03,2023-02-16,Post-IPO,United States,152
Convoy,Atlanta,Logistics,,,2023-02-16,Series E,United States,1100
Micron,Boise,Hardware,2400.00,0.05,2023-02-17,Post-IPO,United States,50
Tencent,Shenzen,Consumer,300.00,,2023-02-17,Post-IPO,China,12600
Evernote,SF Bay Area,Consumer,129.00,,2023-02-17,Acquired,United States,290
Chipper Cash,SF Bay Area,Finance,100.00,0.33,2023-02-17,Series C,United States,302
Digimarc,Portland,Other,,,2023-02-17,Post-IPO,United States,105
Reserve,SF Bay Area,Crypto,,,2023-02-17,Unknown,United States,
HP,Tel Aviv,Hardware,100.00,,2023-02-19,Post-IPO,Israel,4200
MyGate,Bengaluru,Other,200.00,0.3,2023-02-20,Series B,India,79
Fireblocks,New York City,Crypto,30.00,0.05,2023-02-20,Series E,United States,1000
Kinde,Sydney,Other,8.00,0.28,2023-02-20,Seed,Australia,10
Fipola,Chennai,Food,,1,2023-02-20,Series A,United States,9
Green Labs,Seoul,Food,350.00,0.7,2023-02-21,Series C,South Korea,214
Polygon,Bengaluru,Crypto,100.00,0.2,2023-02-21,Unknown,India,451
Crunchyroll,Tokyo,Media,85.00,,2023-02-21,Unknown,Japan,26
Ethos Life,SF Bay Area,Finance,50.00,,2023-02-21,Series D,United States,406
Basis Technologies,Chicago,Marketing,40.00,0.04,2023-02-21,Series B,United States,52
Bolt,Lagos,Transportation,17.00,,2023-02-21,Series F,Nigeria,
Criteo,Paris,Marketing,,,2023-02-21,Post-IPO,France,61
PeerStreet,Los Angeles,Real Estate,,,2023-02-21,Series C,United States,121
Zalando,Berlin,Retail,,,2023-02-21,Post-IPO,Germany,467
Synamedia,London,Media,200.00,0.12,2023-02-22,Unknown,United Kingdom,
TaskUs,San Antonio,Support,186.00,,2023-02-22,Post-IPO,United States,279
Arch Oncology,St. Louis,Healthcare,,,2023-02-22,Series C,United States,155
Immutable,Sydney,Crypto,,0.11,2023-02-22,Series C,Australia,279
Jounce Therapeutics,Boston,Healthcare,,0.57,2023-02-22,Acquired,United States,194
Locomation,Pittsburgh,Transportation,,1,2023-02-22,Seed,United States,57
Merative,Ann Arbor,Healthcare,200.00,0.1,2023-02-23,Acquired,United States,
OneFootball,Berlin,Marketing,150.00,0.32,2023-02-23,Series D,Germany,442
The Iconic,Sydney,Retail,69.00,0.06,2023-02-23,Unknown,Australia,
EVgo,Los Angeles,Transportation,40.00,,2023-02-23,Post-IPO,United States,400
StrongDM,SF Bay Area,Infrastructure,40.00,,2023-02-23,Series B,United States,76
Dapper Labs,Vancouver,Crypto,,0.2,2023-02-23,Series D,United States,607
Messari,New York City,Crypto,,0.15,2023-02-23,Series B,United States,61
Vibrent Health,Washington D.C.,Healthcare,,0.13,2023-02-23,Unknown,United States,
Ericsson,Stockholm,Other,8500.00,0.08,2023-02-24,Post-IPO,Sweden,663
SAP Labs,Bengaluru,Other,300.00,,2023-02-24,Subsidiary,India,1300
Velodyne Lidar,SF Bay Area,Transportation,220.00,,2023-02-24,Acquired,United States,575
Medallia,SF Bay Area,Support,59.00,,2023-02-24,Acquired,United States,325
Eat Just,SF Bay Area,Food,40.00,,2023-02-24,Unknown,United States,465
Lucira Health,SF Bay Area,Healthcare,26.00,,2023-02-24,Post-IPO,United States,132
Stax,Orlando,Finance,24.00,,2023-02-24,Series D,United States,263
EQRx,Boston,Healthcare,,0.18,2023-02-24,Post-IPO,United States,1900
Poshmark,SF Bay Area,Retail,,0.02,2023-02-24,Acquired,United States,153
Twitter,SF Bay Area,Consumer,200.00,0.1,2023-02-25,Post-IPO,United States,12900
BitSight,Tel Aviv,Security,40.00,,2023-02-26,Unknown,Israel,401
Sono Motors,Munich,Transportation,300.00,,2023-02-27,Post-IPO,Germany,126
Cerebral,SF Bay Area,Healthcare,285.00,0.15,2023-02-27,Series C,United States,462
Amount,Chicago,Finance,130.00,0.25,2023-02-27,Unknown,United States,283
Palantir,Denver,Data,75.00,0.02,2023-02-27,Post-IPO,United States,3000
Outreach,Seattle,Sales,70.00,0.07,2023-02-27,Series G,United States,489
Stytch,SF Bay Area,Security,19.00,0.25,2023-02-27,Series B,United States,126
Electronic Arts,Baton Rouge,Consumer,200.00,,2023-02-28,Post-IPO,United States,2
Eventbrite,SF Bay Area,Consumer,80.00,0.08,2023-02-28,Post-IPO,United States,557
Ezoic,San Diego,Infrastructure,10.00,,2023-02-28,Series A,United States,39
DUX Education,Bengaluru,Education,,1,2023-02-28,Unknown,India,
MeridianLink,Los Angeles,Finance,,0.09,2023-02-28,Post-IPO,United States,485
Thoughtworks,Chicago,Other,500.00,0.04,2023-03-01,Post-IPO,United States,748
iFood,Sao Paulo,Food,355.00,0.06,2023-03-01,Subsidiary,Brazil,2100
Color Health,SF Bay Area,Healthcare,300.00,,2023-03-01,Series E,United States,482
Waymo,SF Bay Area,Transportation,209.00,0.08,2023-03-01,Subsidiary,United States,5500
PayFit,Paris,HR,200.00,0.2,2023-03-01,Series E,France,495
Yellow.ai,SF Bay Area,Support,200.00,,2023-03-01,Series C,United States,102
Sonder,SF Bay Area,Travel,100.00,0.14,2023-03-01,Post-IPO,United States,839
Protego Trust Bank,Seattle,Crypto,,0.5,2023-03-01,Series A,United States,70
Zscaler,SF Bay Area,Security,177.00,0.03,2023-03-02,Post-IPO,United States,148
MasterClass,SF Bay Area,Education,79.00,,2023-03-02,Series E,United States,461
Ambev Tech,Blumenau,Food,50.00,,2023-03-02,Acquired,Brazil,
Fittr,Pune,Fitness,30.00,0.11,2023-03-02,Series A,India,13
CNET,SF Bay Area,Media,12.00,0.1,2023-03-02,Acquired,United States,20
Comparis,Zurich,Finance,,0.1,2023-03-02,Unknown,Switzerland,
Flipkart,Bengaluru,Retail,,,2023-03-02,Acquired,India,12900
Kandela,Los Angeles,Consumer,,1,2023-03-02,Acquired,United States,
Orchard,New York City,Real Estate,,,2023-03-02,Series D,United States,472
Truckstop.com,Boise,Logistics,,,2023-03-02,Acquired,United States,
Loft,Sao Paulo,Real Estate,340.00,0.15,2023-03-03,Unknown,Brazil,788
Embark Trucks,SF Bay Area,Transportation,230.00,0.7,2023-03-03,Post-IPO,United States,317
Lendi,Sydney,Real Estate,100.00,,2023-03-03,Unknown,Australia,59
UserTesting,SF Bay Area,Marketing,63.00,,2023-03-03,Acquired,United States,152
Airbnb,SF Bay Area,Travel,30.00,,2023-03-03,Post-IPO,United States,6400
Accolade,Seattle,Healthcare,,,2023-03-03,Post-IPO,United States,458
Indigo,Boston,Other,,,2023-03-03,Series F,United States,1200
No Fluff Jobs,Gydnia,HR,13.00,,2023-03-04,Acquired,Poland,
Atlassian,Sydney,Other,500.00,0.05,2023-03-06,Post-IPO,Australia,210
SiriusXM,New York City,Media,475.00,0.08,2023-03-06,Post-IPO,United States,525
Alerzo,Ibadan,Retail,400.00,,2023-03-06,Series B,Nigeria,16
UKG,Miami,HR,265.00,,2023-03-06,Unknown,United States,
UpGrad,Mumbai,Education,120.00,,2023-03-06,Unknown,India,631
HomeLane,Bengaluru,Retail,30.00,,2023-03-06,Series E,India,116
Ankorstore,Paris,Retail,,,2023-03-06,Series C,France,365
Pristyn Care,Gurugram,Healthcare,300.00,0.15,2023-03-07,Series E,India,177
Zwift,Los Angeles,Fitness,80.00,0.15,2023-03-07,Series C,United States,619
Catch,New York City,Finance,,1,2023-03-07,Series A,United States,18
RDX Works,London,Crypto,,0.25,2023-03-07,Unknown,United Kingdom,6
Take-Two Interactive,New York City,Consumer,,,2023-03-07,Post-IPO,United States,2700
Zulily,Seattle,Retail,,,2023-03-07,Acquired,United States,194
Wattpad,Toronto,Media,42.00,0.15,2023-03-08,Acquired,Canada,117
Appcues,Boston,Data,,0.15,2023-03-08,Series B,United States,52
Xero,Wellington,Finance,800.00,0.15,2023-03-09,Post-IPO,New Zealand,681
Shopee,Jakarta,Food,200.00,,2023-03-09,Unknown,Indonesia,
Gopuff,Philadelphia,Food,100.00,0.02,2023-03-09,Series H,United States,3400
Wave Financial,Toronto,Finance,50.00,,2023-03-09,Acquired,Canada,79
Morning Brew,New York City,Media,40.00,,2023-03-09,Acquired,United States,
Bonusly,Boulder,HR,,,2023-03-09,Series B,United States,31
Neoleukin Therapeutics,Seattle,Healthcare,,0.7,2023-03-09,Post-IPO,United States,157
Toucan,Los Angeles,Education,,1,2023-03-09,Series A,United States,
GoTo Group,Jakarta,Transportation,600.00,,2023-03-10,Post-IPO,Indonesia,1300
Cookpad,Tokyo,Consumer,80.00,,2023-03-10,Unknown,Japan,
Meta,SF Bay Area,Consumer,10000.00,,2023-03-14,Post-IPO,United States,26000
Fetch,Madison,Retail,100.00,0.1,2023-03-14,Series E,United States,581
Anchorage Digital,SF Bay Area,Crypto,75.00,0.2,2023-03-14,Series D,United States,487
Avidbots,Kitchener,Hardware,50.00,0.14,2023-03-14,Series C,Canada,106
Samsung,SF Bay Area,Hardware,30.00,,2023-03-14,Post-IPO,United States,
Kaleidoscope,Minneapolis,Finance,15.00,0.3,2023-03-14,Series A,United States,16
Klaviyo,Boston,Marketing,140.00,,2023-03-15,Unknown,United States,778
Dukaan,Bengaluru,Retail,56.00,0.3,2023-03-15,Series A,India,17
Boxed,New York City,Retail,32.00,0.25,2023-03-15,Post-IPO,United States,365
Nubank,Sao Paulo,Finance,30.00,,2023-03-15,Post-IPO,Brazil,4100
TradeWindow,Auckland,Finance,25.00,0.3,2023-03-15,Series B,New Zealand,24
Hometap,Boston,Real Estate,,,2023-03-15,Unknown,United States,172
Freshworks,SF Bay Area,Support,114.00,0.02,2023-03-16,Post-IPO,United States,484
Coherent,SF Bay Area,Manufacturing,108.00,,2023-03-16,Post-IPO,United States,
Runtastic,Linz,Fitness,70.00,0.28,2023-03-16,Acquired,Austria,
Course Hero,SF Bay Area,Education,42.00,0.15,2023-03-16,Series C,United States,477
Leafly,Seattle,Retail,40.00,0.21,2023-03-16,Post-IPO,United States,71
Bonusly,Boulder,HR,,,2023-03-16,Series B,United States,31
Livspace,Bengaluru,Retail,100.00,0.02,2023-03-17,Series F,India,431
Symend,Calgary,Other,50.00,0.25,2023-03-17,Series C,Canada,148
Candor Technology,Atlanta,Real Estate,,,2023-03-17,Unknown,United States,23
Amazon,Seattle,Retail,9000.00,,2023-03-20,Post-IPO,United States,108
Huuuge Games,Warsaw,Consumer,,0.1,2023-03-20,Series C,Poland,57
Just Eat,London,Food,1700.00,,2023-03-21,Acquired,United Kingdom,
Marvell,SF Bay Area,Hardware,320.00,0.04,2023-03-21,Post-IPO,United States,
Workhuman,Dublin,HR,130.00,0.1,2023-03-21,Unknown,Ireland,131
FreshBooks,Toronto,Finance,80.00,0.1,2023-03-21,Unknown,Canada,331
Xing,Hamburg,HR,68.00,,2023-03-21,Series A,Germany,
Mr Yum,Melbourne,Food,40.00,,2023-03-21,Series A,Australia,101
Smallcase,Bengaluru,Finance,15.00,0.04,2023-03-21,Series C,India,62
Expedia,Seattle,Travel,,,2023-03-21,Post-IPO,United States,3300
GAMURS Group,Sydney,Consumer,,,2023-03-21,Series A,Australia,17
Grin,Sacramento,Marketing,,,2023-03-21,Series B,United States,145
Laybuy,Auckland,Finance,,0.1,2023-03-21,Post-IPO,New Zealand,130
Indeed,Austin,HR,2200.00,0.15,2023-03-22,Acquired,United States,5
Logitech,Geneva,Hardware,300.00,,2023-03-22,Post-IPO,Switzerland,
Glassdoor,SF Bay Area,HR,140.00,0.15,2023-03-22,Acquired,United States,204
Wejo,Chester,Transportation,40.00,0.16,2023-03-22,Post-IPO,United Kingdom,376
Copper,London,Crypto,,0.15,2023-03-22,Series C,United Kingdom,281
Rewind,Ottawa,Data,,,2023-03-22,Series B,Canada,80
Roofstock,SF Bay Area,Real Estate,,0.27,2023-03-22,Series E,United States,365
Cimpress,Paris,Retail,500.00,,2023-03-23,Post-IPO,France,300
Veeam,Columbus,Data,200.00,,2023-03-23,Acquired,United States,500
Glovo,Barcelona,Food,140.00,,2023-03-23,Acquired,Spain,1200
TakeOff,Kyiv,Retail,50.00,,2023-03-23,Unknown,Ukraine,146
Slite,Paris,Other,10.00,0.25,2023-03-23,Series A,France,15
Aspiration,Los Angeles,Finance,170.00,,2023-03-24,Unknown,United States,250
The Meet Group,New Hope,Consumer,,,2023-03-24,Acquired,United States,
Rackspace,San Antonio,Data,275.00,,2023-03-27,Acquired,United States,17
Better Therapeutics,SF Bay Area,Healthcare,,0.35,2023-03-27,Post-IPO,United States,143
Lucid Motors,SF Bay Area,Transportation,1300.00,0.18,2023-03-28,Post-IPO,United States,8300
Blue Nile,Seattle,Retail,119.00,,2023-03-28,Acquired,United States,62
AEye,SF Bay Area,Transportation,46.00,0.33,2023-03-28,Post-IPO,United States,314
CoverMyMeds,Columbus,Healthcare,800.00,,2023-03-29,Acquired,United States,5
Electronic Arts,SF Bay Area,Consumer,780.00,0.06,2023-03-29,Post-IPO,United States,2
Seagate,SF Bay Area,Hardware,480.00,,2023-03-29,Post-IPO,United States,
Drizly,Boston,Retail,100.00,,2023-03-29,Acquired,United States,119
iCAD,Nashua,Healthcare,23.00,0.28,2023-03-29,Post-IPO,United States,59
Anyline,Vienna,Other,,0.25,2023-03-29,Series B,Austria,37
OnePipe,Lagos,Finance,,,2023-03-29,Seed,Nigeria,9
Shift,SF Bay Area,Transportation,,0.3,2023-03-29,Post-IPO,United States,504
Hulu,Beijing,Media,200.00,,2023-03-30,Acquired,China,683
Roku,SF Bay Area,Media,200.00,0.06,2023-03-30,Post-IPO,United States,208
LendingTree,Charlotte,Finance,150.00,0.13,2023-03-30,Post-IPO,United States,
FanClash,Gurugram,Consumer,100.00,0.75,2023-03-30,Series B,India,50
Loop,Austin,Finance,19.00,0.25,2023-03-30,Series A,United States,24
Crossbeam,Philadelphia,Sales,17.00,0.15,2023-03-30,Series C,United States,116
Spotify,Stockholm,Media,15.00,,2023-03-30,Post-IPO,Sweden,2100
AnswerLab,SF Bay Area,Marketing,,0.17,2023-03-30,Unknown,United States,
Endowus,Singapore,Finance,,,2023-03-30,Unknown,Singapore,44
GoodWorker,Singapore,Recruiting,,0.9,2023-03-30,Acquired,Singapore,
Kyndryl,New York City,Infrastructure,,,2023-03-30,Post-IPO,United States,
Nowports,Monterrey,Logistics,,0.15,2023-03-30,Series C,Mexico,
Unacademy,Bengaluru,Education,,0.12,2023-03-30,Series H,India,838
Domestika,Madrid,Education,89.00,0.45,2023-03-31,Series D,Spain,130
Airbyte,SF Bay Area,Data,,,2023-03-31,Series B,United States,181
Hyland Software,Cleveland,Other,1000.00,0.2,2023-04-03,Acquired,United States,
View,SF Bay Area,Other,170.00,0.23,2023-04-03,Post-IPO,United States,2300
Guideline,SF Bay Area,Finance,48.00,0.11,2023-04-03,Series E,United States,339
Textio,Seattle,Recruiting,15.00,0.12,2023-04-03,Unknown,United States,42
Apple,SF Bay Area,Retail,,,2023-04-03,Post-IPO,United States,6200
Checkout.com,London,Finance,,,2023-04-03,Series D,United Kingdom,1800
1K Kirana,Gurugram,Retail,600.00,0.4,2023-04-04,Series B,India,
Foundation Medicine,Boston,Healthcare,135.00,,2023-04-04,Acquired,United States,96
Finder,Sydney,Retail,40.00,,2023-04-04,Unknown,Australia,30
Boost,New York City,Finance,15.00,0.2,2023-04-04,Series B,United States,37
Cin7,Auckland,Retail,,,2023-04-04,Private Equity,New Zealand,
Dunzo,Bengaluru,Food,300.00,0.3,2023-04-05,Unknown,India,382
Amplitude,SF Bay Area,Data,99.00,0.13,2023-04-05,Post-IPO,United States,311
Talent.com,Montreal,Recruiting,86.00,0.18,2023-04-05,Series B,Canada,150
Absolute Software,Vancouver,Security,40.00,0.05,2023-04-06,Post-IPO,Canada,
Avocargo,Berlin,Transportation,16.00,1,2023-04-06,Seed,Germany,
Pear Therapeutics,Boston,Healthcare,170.00,0.92,2023-04-07,Post-IPO,United States,409
Workit Health,Ann Arbor,Healthcare,100.00,,2023-04-07,Series C,United States,138
ZestMoney,Bengaluru,Finance,100.00,0.2,2023-04-07,Series C,India,120
Practo,Bengaluru,Healthcare,41.00,,2023-04-08,Series D,India,222
Simpl,Bengaluru,Finance,150.00,0.25,2023-04-09,Series B,India,71
Flock Freight,San Diego,Logistics,45.00,0.08,2023-04-10,Series D,United States,399
Nori,Seattle,Energy,10.00,0.37,2023-04-10,Unknown,United States,13
Milkrun,Sydney,Food,400.00,1,2023-04-11,Series A,Australia,86
Redfin,Seattle,Real Estate,201.00,0.04,2023-04-11,Post-IPO,United States,320
Permutive,London,Marketing,80.00,0.4,2023-04-11,Series C,United Kingdom,105
Examedi,Santiago,Healthcare,45.00,0.25,2023-04-11,Unknown,Chile,19
Acxiom,Little Rock,Marketing,,,2023-04-11,Post-IPO,United States,
Euler Motors,New Delhi,Transportation,,0.1,2023-04-11,Series C,India,92
Reforge,SF Bay Area,Education,,,2023-04-11,Series B,United States,81
Viasat,San Diego,Other,300.00,0.04,2023-04-12,Post-IPO,United States,366
Science 37,Los Angeles,Healthcare,140.00,,2023-04-12,Post-IPO,United States,347
Medtronic,SF Bay Area,Healthcare,59.00,,2023-04-12,Post-IPO,United States,5900
Snyk,Boston,Security,128.00,,2023-04-13,Series F,United States,849
Astronomer,Cincinnati,Data,100.00,0.4,2023-04-13,Series C,United States,282
Bluepad,Bengaluru,Media,,1,2023-04-13,Seed,India,
Heygo,London,Travel,,1,2023-04-13,Series A,United Kingdom,20
Lazerpay,Lagos,Crypto,,1,2023-04-13,Unknown,Nigeria,
Mediafly,Chicago,Sales,,,2023-04-13,Private Equity,United States,59
Drip Capital,SF Bay Area,Finance,75.00,0.2,2023-04-14,Series C,United States,85
Community Gaming,New York City,Crypto,17.00,0.17,2023-04-14,Series A,United States,18
Calibrate,New York City,Healthcare,,0.18,2023-04-14,Series B,United States,127
OpenClassrooms,Paris,Education,,0.25,2023-04-14,Series C,France,150
Sayurbox,Jakarta,Food,,,2023-04-14,Series C,Indonesia,139
Quadream,Tel Aviv,Security,,1,2023-04-16,Unknown,Israel,
Ten Square Games,Wrocław,Consumer,120.00,0.25,2023-04-17,Seed,Poland,
Clearcover,Chicago,Finance,81.00,0.15,2023-04-17,Series D,United States,304
Paper,Montreal,Education,81.00,0.03,2023-04-17,Series D,Canada,389
Ynsect,Paris,Food,17.00,0.25,2023-04-17,Series D,France,579
FamPay,Bengaluru,Finance,,,2023-04-17,Series A,India,42
Kumu,Manila,Media,,,2023-04-17,Series C,Philippines,94
Utopia Music,Zug,Other,,0.15,2023-04-17,Series B,Switzerland,
Opendoor,SF Bay Area,Real Estate,560.00,0.22,2023-04-18,Post-IPO,United States,1900
Noon,Riyadh,Retail,340.00,0.1,2023-04-18,Unknown,Saudi Arabia,
Culture Amp,Melbourne,HR,90.00,0.09,2023-04-18,Series F,Australia,257
TRM Labs,SF Bay Area,Crypto,16.00,0.09,2023-04-18,Series B,United States,149
CoLab,Sydney,Food,,1,2023-04-18,Seed,Australia,3
F5,Seattle,Security,623.00,0.09,2023-04-19,Post-IPO,United States,
WalkMe,SF Bay Area,Other,112.00,0.1,2023-04-19,Post-IPO,United States,307
BuzzFeed,New York City,Media,180.00,0.15,2023-04-20,Post-IPO,United States,696
Koo,Bengaluru,Consumer,78.00,0.3,2023-04-20,Series B,India,50
Open,Bengaluru,Finance,47.00,,2023-04-20,Series D,India,190
Gloat,New York City,HR,35.00,0.12,2023-04-20,Series D,United States,192
Insider,New York City,Media,,0.1,2023-04-20,Unknown,United States,
Iress,Melbourne,Finance,,0.1,2023-04-20,Unknown,Australia,
Lenovo,Raleigh,Hardware,,,2023-04-20,Post-IPO,United States,850
Lyft,SF Bay Area,Transportation,1072.00,0.26,2023-04-21,Post-IPO,United States,4900
Benchling,SF Bay Area,Other,74.00,0.09,2023-04-21,Series F,United States,411
Pluralsight,Salt Lake City,Education,,,2023-04-21,Acquired,United States,192
Flink,Berlin,Food,8000.00,0.4,2023-04-24,Series B,Germany,1000
Red Hat,Raleigh,Other,760.00,0.04,2023-04-24,Acquired,United States,
BigPanda,SF Bay Area,Infrastructure,40.00,0.13,2023-04-24,Series E,United States,337
Skill Lync,Chennai,Education,400.00,,2023-04-25,Series A,India,17
Rapid,SF Bay Area,Finance,115.00,0.5,2023-04-25,Series D,United States,272
Rapid,SF Bay Area,Finance,70.00,0.3,2023-04-25,Series D,United States,272
Extramarks,Noida,Education,300.00,,2023-04-26,Unknown,India,
Teampay,New York City,Finance,30.00,0.33,2023-04-26,Series B,United States,79
RenoRun,Montreal,Construction,,1,2023-04-26,Series B,Canada,163
Dropbox,SF Bay Area,Other,500.00,0.16,2023-04-27,Post-IPO,United States,1700
Alteryx,Los Angeles,Data,320.00,0.11,2023-04-27,Post-IPO,United States,613
Vroom,New York City,Transportation,120.00,0.11,2023-04-27,Post-IPO,United States,1300
Greenhouse,New York City,Recruiting,100.00,0.12,2023-04-27,Private Equity,United States,110
Rebellion Defense,Washington D.C.,Data,90.00,,2023-04-27,Series B,United States,150
Poppulo,Denver,HR,85.00,,2023-04-27,Acquired,United States,30
Megaport,Brisbane,Infrastructure,50.00,0.16,2023-04-27,Post-IPO,Australia,98
Airtasker,Sydney,Retail,45.00,0.2,2023-04-27,Series C,Australia,26
Chief,New York City,Other,43.00,0.14,2023-04-27,Series B,United States,140
Tickertape,Bengaluru,Finance,29.00,0.29,2023-04-27,Seed,India,5
Clubhouse,SF Bay Area,Consumer,,0.5,2023-04-27,Series C,United States,110
Oddle,Singapore,Food,,0.25,2023-04-27,Series B,Singapore,9
Rad Power Bikes,Seattle,Transportation,,,2023-04-27,Series D,United States,329
Cue Health,San Diego,Healthcare,326.00,0.3,2023-04-28,Post-IPO,United States,899
N26,Berlin,Finance,71.00,0.04,2023-04-28,Series E,United States,1700
Embark Vet,Boston,Healthcare,28.00,,2023-04-28,Series B,United States,94
Poparazzi,Los Angeles,Consumer,,1,2023-04-28,Series A,United States,15
Providoor,Melbourne,Food,,1,2023-04-28,Unknown,Australia,
Cogito,New Delhi,Data,177.00,,2023-04-29,Unknown,India,
Vah Vah!,Bengaluru,Education,150.00,,2023-04-30,Seed,India,2
SAS,Raleigh,Data,250.00,,2023-05-01,Unknown,United States,
Lev,New York City,Real Estate,34.00,,2023-05-01,Series B,United States,114
PharmEasy,Mumbai,Healthcare,,,2023-05-01,Unknown,India,1600
Bishop Fox,Phoenix,Security,50.00,0.13,2023-05-02,Series B,United States,146
Zoomo,Sydney,Transportation,27.00,0.08,2023-05-02,Series B,Australia,105
Vallai,Paris,Data,,1,2023-05-02,Seed,France,
Unity,SF Bay Area,Other,600.00,0.08,2023-05-03,Post-IPO,United States,1300
Upwork,SF Bay Area,Other,137.00,0.15,2023-05-03,Post-IPO,United States,168
Cars24,Jakarta,Transportation,100.00,,2023-05-03,Series G,Indonesia,1300
Brightcove,Boston,Marketing,70.00,0.1,2023-05-03,Post-IPO,United States,145
Healthy.io,Tel Aviv,Healthcare,70.00,0.33,2023-05-03,Series D,United States,185
Zymergen,SF Bay Area,Other,27.00,,2023-05-03,Acquired,United States,974
TheSkimm,New York City,Media,22.00,0.13,2023-05-03,Series C,United States,28
Brightline,SF Bay Area,Healthcare,,0.2,2023-05-03,Series C,United States,212
Shopify,Ottawa,Retail,2300.00,0.2,2023-05-04,Post-IPO,Canada,122
Sabre,Dallas,Travel,1100.00,0.15,2023-05-04,Post-IPO,United States,1700
Scribe Media,Austin,Marketing,90.00,1,2023-05-04,Unknown,United States,
Autograph,Los Angeles,Crypto,30.00,0.33,2023-05-04,Series B,United States,205
Earnix,Tel Aviv,Finance,30.00,0.1,2023-05-04,Unknown,Israel,100
Karma,Tel Aviv,Retail,20.00,0.28,2023-05-04,Series A,Israel,34
Glassbox,London,Data,,0.14,2023-05-04,Series C,United Kingdom,70
Twist Bioscience,SF Bay Area,Healthcare,270.00,0.25,2023-05-05,Post-IPO,United States,503
Meesho,Bengaluru,Retail,251.00,0.15,2023-05-05,Series F,India,1100
Teachmint,Bengaluru,Education,70.00,,2023-05-05,Series B,India,118
Eventus,Austin,Finance,,0.33,2023-05-05,Series B,United States,45
LinkedIn,SF Bay Area,Recruiting,716.00,0.04,2023-05-08,Acquired,United States,154
Cuemath,Bengaluru,Education,100.00,,2023-05-08,Unknown,India,121
Momentis Surgical,Tel Aviv,Healthcare,70.00,0.6,2023-05-08,Series D,Israel,
Glean AI,New York City,Finance,5.00,,2023-05-08,Seed,United States,11
Everledger,Brisbane,Crypto,,1,2023-05-08,Unknown,Australia,27
Akamai,Boston,Security,290.00,0.03,2023-05-09,Post-IPO,United States,35
Sonatype,Baltimore,Security,100.00,0.14,2023-05-09,Acquired,United States,154
AudioCodes,Tel Aviv,Other,80.00,0.06,2023-05-09,Post-IPO,Israel,91
Buzzer,New York City,Media,,,2023-05-09,Unknown,United States,32
Marqeta,SF Bay Area,Finance,,0.15,2023-05-09,Post-IPO,United States,530
Microsoft,Seattle,Other,158.00,,2023-05-10,Post-IPO,United States,1
Redbubble,Melbourne,Retail,70.00,0.23,2023-05-10,Post-IPO,Australia,55
Similarweb,New York City,Other,60.00,0.06,2023-05-10,Post-IPO,United States,235
Stack Overflow,New York City,Recruiting,58.00,0.1,2023-05-10,Acquired,United States,153
Cornershop,Santiago,Food,250.00,0.11,2023-05-11,Acquired,Chile,31
Varo,SF Bay Area,Finance,97.00,,2023-05-11,Series E,United States,992
CS Disco,Austin,Legal,,0.08,2023-05-11,Post-IPO,United States,233
Nuro,SF Bay Area,Transportation,340.00,0.3,2023-05-12,Series D,United States,2100
Telenav,Cluj-Napoca,Transportation,172.00,,2023-05-12,Post-IPO,Romania,30
Happay,Bengaluru,Finance,160.00,0.35,2023-05-12,Acquired,India,21
Slickdeals,Las Vegas,Retail,79.00,0.33,2023-05-12,Unknown,United States,
Toothsi,Mumbai,Healthcare,20.00,,2023-05-12,Series C,India,87
Everlaw,SF Bay Area,Legal,,0.1,2023-05-12,Series D,United States,298
Tessera,New York City,Crypto,,1,2023-05-12,Series A,United States,43
Cana,SF Bay Area,Food,,1,2023-05-13,Unknown,United States,30
Cerner,Kansas City,Healthcare,3000.00,0.11,2023-05-16,Acquired,United States,
Zepz,London,Finance,420.00,0.26,2023-05-16,Series E,United Kingdom,700
Lemonade,New York City,Finance,45.00,0.03,2023-05-16,Post-IPO,United States,481
DroneUp,Norfolk,Logistics,,,2023-05-16,Unknown,United States,7
Quanto,Sao Paulo,Finance,,0.85,2023-05-16,Series A,Brazil,20
Stash,New York City,Finance,40.00,0.1,2023-05-17,Unknown,United States,480
Formstack,Indianapolis,Other,,0.4,2023-05-17,Private Equity,United States,425
Pie Insurance,Washington D.C.,Finance,63.00,0.14,2023-05-18,Series D,United States,621
Clearbit,SF Bay Area,Sales,,,2023-05-18,Series A,United States,17
dbt Labs,Philadelphia,Data,,0.15,2023-05-18,Series D,United States,414
L1ght,Tel Aviv,Other,,1,2023-05-18,Seed,Israel,15
Nextbite,Denver,Food,,,2023-05-18,Series C,United States,150
TuSimple,San Diego,Transportation,,0.3,2023-05-18,Post-IPO,United States,648
Moss,Berlin,Finance,30.00,,2023-05-19,Series B,Germany,150
Nuance Communications,Boston,Healthcare,,,2023-05-20,Acquired,United States,
AppFolio,Santa Barbara,Real Estate,62.00,,2023-05-22,Post-IPO,United States,30
Daylight,Los Angeles,Finance,,1,2023-05-22,Series A,United States,20
FemTech Health,Houston,Healthcare,,1,2023-05-22,Unknown,United States,
Paperless Parts,Boston,Manufacturing,,,2023-05-22,Series B,United States,30
Reliance JioMart,Mumbai,Food,1000.00,,2023-05-23,Subsidiary,India,
Qualcomm,Haifa,Hardware,30.00,,2023-05-23,Post-IPO,Israel,
SoundCloud,Berlin,Consumer,,0.08,2023-05-23,Unknown,Germany,542
Tractable,London,Finance,,,2023-05-23,Series D,United States,119
Guild,Denver,Education,172.00,0.12,2023-05-24,Series F,United States,643
WillowTree,Charlottesville,Marketing,120.00,0.11,2023-05-24,Acquired,United States,
Flink,Berlin,Food,100.00,0.16,2023-05-24,Series B,Germany,1000
Western Digital,Kfar Saba,Hardware,60.00,0.07,2023-05-24,Post-IPO,Israel,900
Alibaba Cloud,Hangzhou,Data,,0.07,2023-05-24,Subsidiary,China,
Brainly,Krakow,Education,,0.3,2023-05-24,Series D,Poland,148
BenevolentAI,London,Healthcare,180.00,,2023-05-25,Private Equity,United Kingdom,292
Airmeet,Bengaluru,Marketing,75.00,0.3,2023-05-25,Series B,India,50
Circus Kitchens,Hamburg,Food,35.00,,2023-05-25,Seed,Germany,12
Jellysmack,Paris,Media,13.00,,2023-05-25,Series C,France,22
Kabam,SF Bay Area,Consumer,,0.12,2023-05-25,Acquired,United States,244
Project44,Chicago,Logistics,130.00,0.1,2023-05-26,Unknown,United States,817
DHI Group,New York City,Recruiting,53.00,0.1,2023-05-26,Post-IPO,United States,
Evolve,Denver,Travel,164.00,0.14,2023-05-29,Series F,United States,224
Taxfix,Berlin,Finance,120.00,0.2,2023-05-30,Series D,Germany,330
Mensa Brands,Bengaluru,Retail,30.00,,2023-05-30,Unknown,India,254
Coupa,SF Bay Area,Finance,,,2023-05-30,Acquired,United States,219
Nansen,Singapore,Crypto,,,2023-05-30,Series B,Singapore,88
PacketFabric,Los Angeles,Infrastructure,,,2023-05-30,Unknown,United States,109
Zendesk,SF Bay Area,Support,320.00,0.08,2023-05-31,Acquired,United States,85
ZipRecruiter,Los Angeles,Recruiting,270.00,0.2,2023-05-31,Post-IPO,United States,769
Vendr,Boston,Other,100.00,0.25,2023-05-31,Series B,United States,216
McMakler,Berlin,Real Estate,60.00,,2023-05-31,Unknown,Germany,214
Mux,SF Bay Area,Infrastructure,40.00,0.3,2023-05-31,Series D,United States,173
Away,New York City,Retail,22.00,0.08,2023-05-31,Series D,United States,181
Haven Technologies,New York City,Finance,280.00,0.7,2023-06-01,Subsidiary,United States,
Mural,SF Bay Area,Product,170.00,,2023-06-01,Series C,United States,192
Glamyo Health,New Delhi,Healthcare,160.00,,2023-06-01,Series B,India,9
Outbrain,New York City,Marketing,90.00,0.1,2023-06-01,Post-IPO,United States,394
CloudTrucks,SF Bay Area,Logistics,,,2023-06-01,Series B,United States,141
CoachHub,Berlin,HR,,0.1,2023-06-01,Series C,Germany,332
Fractal Software,New York City,Other,,,2023-06-01,Unknown,United States,
SentinelOne,SF Bay Area,Security,,0.05,2023-06-01,Post-IPO,United States,696
SmartAsset,New York City,Finance,,0.19,2023-06-01,Series D,United States,161
ZoomInfo,Vancouver,Sales,120.00,0.03,2023-06-02,Post-IPO,United States,7
Staffbase,Chemnitz,Other,90.00,,2023-06-02,Series E,Germany,307
Zume,SF Bay Area,Food,,1,2023-06-02,Unknown,United States,423
Meati Foods,Denver,Food,,0.05,2023-06-03,Series C,United States,274
Spotify,Stockholm,Media,200.00,0.02,2023-06-05,Post-IPO,Sweden,2100
Azibo,Reno,Finance,,,2023-06-05,Series A,United States,19
Flyhomes,Seattle,Real Estate,,,2023-06-05,Series C,United States,310
Coherent,SF Bay Area,Manufacturing,196.00,,2023-06-06,Post-IPO,United States,
Edgio,Phoenix,Infrastructure,134.00,0.12,2023-06-06,Post-IPO,United States,462
Reddit,SF Bay Area,Consumer,90.00,0.05,2023-06-06,Series F,United States,1300
Linktree,Melbourne,Consumer,60.00,0.27,2023-06-06,Unknown,Australia,165
Dragos,Baltimore,Security,50.00,0.09,2023-06-06,Series D,United States,364
Unity,SF Bay Area,Other,50.00,,2023-06-06,Post-IPO,United States,1300
Mara,Nairobi,Crypto,6.00,,2023-06-06,Seed,Kenya,23
Bunnii,New York City,Healthcare,,1,2023-06-06,Unknown,United States,
Byju's,Bengaluru,Education,1000.00,,2023-06-07,Private Equity,India,5500
Nubank,Sao Paulo,Finance,296.00,,2023-06-07,Post-IPO,Brazil,4100
Sumo Logic,SF Bay Area,Data,79.00,,2023-06-07,Acquired,United States,340
Flatiron Health,New York City,Healthcare,39.00,,2023-06-07,Acquired,United States,324
Better.com,New York City,Real Estate,,,2023-06-07,Unknown,United States,905
HashiCorp,SF Bay Area,Infrastructure,,0.08,2023-06-07,Post-IPO,United States,349
Ursa Major,Denver,Aerospace,,,2023-06-07,Series D,United States,233
Branch,Columbus,Finance,186.00,,2023-06-08,Series C,United States,229
Cityblock Health,New York City,Healthcare,155.00,0.12,2023-06-08,Series D,United States,891
Highspot,Seattle,Sales,140.00,0.15,2023-06-08,Series F,United States,644
Cohesity,SF Bay Area,Data,,,2023-06-08,Series E,United States,805
Freshworks,SF Bay Area,Support,,,2023-06-08,Post-IPO,United States,484
Opora,SF Bay Area,Security,,1,2023-06-08,Seed,United States,7
Trybe,Sao Paulo,Education,128.00,0.35,2023-06-09,Series B,Brazil,40
23andMe,SF Bay Area,Healthcare,75.00,0.09,2023-06-09,Post-IPO,United States,1100
Expel,Washington D.C.,Security,60.00,0.1,2023-06-09,Series E,United States,288
TaxBit,SF Bay Area,Crypto,80.00,0.4,2023-06-11,Unknown,United States,253
Tiki,Singapore,Consumer,,1,2023-06-11,Unknown,Singapore,
Grubhub,SF Bay Area,Food,400.00,0.15,2023-06-12,Acquired,United States,284
GoCardless,London,Finance,150.00,0.17,2023-06-12,Series G,United Kingdom,529
Pendo,Raleigh,Product,100.00,0.12,2023-06-12,Series F,United States,469
Chegg,SF Bay Area,Education,80.00,0.04,2023-06-12,Post-IPO,United States,227
dot.LA,Los Angeles,Media,,1,2023-06-12,Seed,United States,4
Western Digital,SF Bay Area,Hardware,211.00,,2023-06-13,Post-IPO,United States,900
JupiterOne,Raleigh,Security,8.00,,2023-06-13,Series C,United States,119
Zalando,Berlin,Retail,,,2023-06-13,Post-IPO,Germany,468
Bitwise,SF Bay Area,Crypto,900.00,1,2023-06-14,Series B,United States,84
Sonos,New York City,Consumer,130.00,0.07,2023-06-14,Post-IPO,United States,455.2
TrueCar,Los Angeles,Transportation,102.00,0.24,2023-06-14,Post-IPO,United States,340
Olo,New York City,Food,81.00,0.11,2023-06-14,Post-IPO,United States,184
Mamaearth,Gurugram,Retail,80.00,,2023-06-14,Unknown,India,111
Synapse,SF Bay Area,Finance,,0.18,2023-06-14,Series B,United States,50
CareRev,Los Angeles,Healthcare,100.00,0.33,2023-06-15,Series A,United States,51
TADA,Seoul,Transportation,45.00,0.6,2023-06-15,Subsidiary,South Korea,
Binance.US,SF Bay Area,Crypto,,,2023-06-15,Subsidiary,United States,
Cerner,Kansas City,Healthcare,,,2023-06-15,Acquired,United States,
FrontRow,Bengaluru,Education,,0.9,2023-06-15,Series A,India,17
Nikola,Phoenix,Transportation,270.00,,2023-06-16,Post-IPO,United States,3300
Qualcomm,SF Bay Area,Hardware,84.00,,2023-06-16,Post-IPO,United States,
Pilot,SF Bay Area,Finance,45.00,0.13,2023-06-16,Unknown,United States,116
Karshare,London,Transportation,,1,2023-06-16,Seed,United Kingdom,4
Zulily,Seattle,Retail,,,2023-06-16,Acquired,United States,194
Mojocare,Bengaluru,Healthcare,170.00,0.8,2023-06-17,Series A,India,24
Fuzzy,SF Bay Area,Healthcare,,1,2023-06-18,Series C,United States,80
Chingari,Bengaluru,Media,48.00,0.2,2023-06-19,Unknown,India,88
Panther,Tampa Bay,HR,,1,2023-06-19,Seed,United States,2
Grab,Singapore,Transportation,1000.00,0.11,2023-06-20,Post-IPO,Singapore,16500
OLX Group,Amsterdam,Marketing,800.00,,2023-06-20,Acquired,Netherlands,
AvantStay,Los Angeles,Travel,37.00,,2023-06-20,Private Equity,United States,686
Karakuki,London,Food,,1,2023-06-20,Unknown,United Kingdom,13
Anaplan,SF Bay Area,Other,300.00,,2023-06-21,Acquired,United States,300
Uber,SF Bay Area,Transportation,200.00,,2023-06-21,Post-IPO,United States,25200
Tackle.io,Boise,Infrastructure,75.00,,2023-06-21,Series C,United States,148
Ritual,Toronto,Food,38.00,0.4,2023-06-21,Series C,Canada,134
Friday Health Plans,Alamosa,Healthcare,,,2023-06-21,Private Equity,United States,306
Illumina,San Diego,Healthcare,,,2023-06-21,Post-IPO,United States,28
Mutiny,SF Bay Area,Marketing,,0.3,2023-06-21,Series B,United States,69
Retool,SF Bay Area,Other,,0.09,2023-06-22,Series C,United States,141
IRL,SF Bay Area,Consumer,,1,2023-06-23,Series C,United States,197
Joonko,New York City,Recruiting,,1,2023-06-25,Series B,United States,38
Payoneer,New York City,Finance,200.00,0.1,2023-06-26,Post-IPO,United States,
Robinhood,SF Bay Area,Finance,150.00,0.07,2023-06-26,Post-IPO,United States,5600
Convoy,Seattle,Logistics,30.00,0.05,2023-06-26,Series E,United States,1100
Selina,London,Travel,350.00,,2023-06-27,Post-IPO,United Kingdom,612
New Relic,SF Bay Area,Infrastructure,255.00,0.1,2023-06-27,Post-IPO,United States,214
Tibber,Førde,Energy,50.00,,2023-06-27,Series C,Norway,181
ClearPay,Manchester,Finance,,,2023-06-27,Acquired,United Kingdom,85
Eyowo,Lagos,Finance,,1,2023-06-27,Unknown,Nigeria,
Honor,SF Bay Area,Healthcare,,0.15,2023-06-27,Unknown,United States,625
Loopio,Toronto,Sales,,0.09,2023-06-27,Private Equity,Canada,263
Lordstown Motors,Detroit,Transportation,,1,2023-06-27,Post-IPO,United States,1100
Waze,SF Bay Area,Transportation,,,2023-06-27,Acquired,United States,67
ClickUp,San Diego,Other,90.00,0.1,2023-06-28,Series C,United States,537
Ludia,Montreal,Consumer,55.00,,2023-06-28,Acquired,United States,1
Karat,Seattle,HR,47.00,,2023-06-28,Unknown,United States,169
Plex,SF Bay Area,Media,37.00,0.2,2023-06-28,Unknown,United States,81
Starburst,Boston,Data,,0.15,2023-06-28,Series D,United States,414
Zapier,SF Bay Area,Other,,0.1,2023-06-28,Seed,United States,1
Niantic,SF Bay Area,Other,230.00,,2023-06-29,Series D,United States,770
Headspace,Los Angeles,Healthcare,181.00,0.15,2023-06-29,Unknown,United States,216
Artsy,New York City,Retail,35.00,0.15,2023-06-29,Series D,United States,100
Candy Digital,New York City,Crypto,30.00,,2023-06-29,Series A,United States,138
Xiaomi India,Bengaluru,Other,30.00,,2023-06-29,Subsidiary,India,
Torii,Ra'anana,Other,28.00,0.3,2023-06-29,Series B,Israel,65
Insider Intelligence,New York City,Media,20.00,,2023-06-29,Subsidiary,United States,
Merama,Mexico City,Retail,,0.1,2023-06-29,Series B,Mexico,445
Qyuki,Bengaluru,Other,,0.3,2023-06-29,Seed,India,19
Stripe,SF Bay Area,Finance,,,2023-06-29,Series I,United States,8700
Vowel,New York City,Other,,1,2023-06-29,Series A,United States,18
Buzzer,New York City,Consumer,,1,2023-06-30,Series A,United States,24
Lunya,Los Angeles,Retail,,1,2023-06-30,Unknown,United States,
MediaMath,New York City,Marketing,,1,2023-06-30,Private Equity,United States,607
Petal,New York City,Finance,,0.2,2023-06-30,Series D,United States,704
Zip,Sydney,Finance,300.00,0.2,2023-07-02,Post-IPO,Australia,896
Highsnobiety,Berlin,Media,24.00,0.1,2023-07-03,Acquired,Germany,8
Athennian,Calgary,Legal,30.00,,2023-07-05,Series B,Canada,47
Vista Group,Auckland,Data,,0.06,2023-07-05,Post-IPO,New Zealand,
Amdocs,St. Louis,Support,2000.00,0.06,2023-07-06,Post-IPO,United States,
FNZ,London,Finance,1000.00,0.15,2023-07-06,Private Equity,United Kingdom,1400
Perfect Day,SF Bay Area,Food,134.00,0.15,2023-07-06,Series D,United States,711
Solidigm,Sacramento,Hardware,98.00,,2023-07-06,Unknown,United States,
TytoCare,New York City,Healthcare,20.00,0.1,2023-07-06,Series D,United States,156
Circles.Life,Singapore,Marketing,,,2023-07-06,Unknown,Singapore,50
ConnectRN,Boston,Healthcare,,,2023-07-06,Unknown,United States,160
Crunchbase,SF Bay Area,Sales,,,2023-07-06,Series D,United States,106
DayTwo,SF Bay Area,Healthcare,,,2023-07-06,Series B,United States,90
Medsaf,Lagos,Healthcare,30.00,1,2023-07-07,Unknown,Nigeria,
Evernote,SF Bay Area,Consumer,,,2023-07-07,Acquired,United States,290
PaulCamper,Berlin,Travel,,,2023-07-07,Acquired,Germany,12
Trellix,SF Bay Area,Security,,,2023-07-07,Unknown,United States,35
Rad Power Bikes,Seattle,Transportation,40.00,,2023-07-10,Series D,United States,329
FrontRow,Bengaluru,Education,,1,2023-07-10,Series A,India,17
IntelyCare,Boston,Healthcare,,,2023-07-10,Series C,United States,171
Latch,New York City,Security,,0.59,2023-07-10,Post-IPO,United States,342
Motive,SF Bay Area,Transportation,,0.05,2023-07-10,Series F,United States,567
WayCool,Chennai,Food,300.00,0.12,2023-07-11,Unknown,India,363
Matterport,SF Bay Area,Data,170.00,0.3,2023-07-11,Post-IPO,United States,409
Everquote,Evansville,Finance,100.00,,2023-07-11,Post-IPO,United States,53
Sisense,New York City,Data,100.00,0.15,2023-07-11,Series F,United States,274
Built Technologies,Nashville,Construction,,,2023-07-11,Unknown,United States,313
Butterfly Network copy,Boston,Healthcare,,0.25,2023-07-11,Post-IPO,United States,530
Dukaan,Bengaluru,Retail,,,2023-07-11,Series A,India,17
Jasper,Montreal,AI,,,2023-07-11,Series A,Canada,131
Shift,SF Bay Area,Transportation,,0.34,2023-07-11,Post-IPO,United States,504
Stitch Fix,Philadelphia,Retail,400.00,,2023-07-12,Post-IPO,United States,79
Dapper Labs,Vancouver,Crypto,51.00,,2023-07-12,Unknown,Canada,
DeepVerge,Dublin,Healthcare,50.00,1,2023-07-12,Post-IPO,Ireland,20
Freightos,Miami,Logistics,50.00,0.13,2023-07-12,Post-IPO,United States,118
Circle,Boston,Crypto,,,2023-07-12,Private Equity,United States,1100
CyberGRX,Denver,Security,,,2023-07-12,Acquired,United States,99
Duck Creek Technologies,Boston,Finance,,0.09,2023-07-12,Acquired,United States,357
Expedia,Seattle,Travel,,,2023-07-12,Post-IPO,United States,3300
Navi Technologies,Bengaluru,Finance,200.00,,2023-07-13,Unknown,India,659
Skill Lync,Chennai,Education,200.00,,2023-07-13,Series A,India,17
Amazon,Seattle,Retail,80.00,,2023-07-13,Post-IPO,United States,108
AudioCodes,Tel Aviv,Other,80.00,0.06,2023-07-13,Post-IPO,Israel,91
Tempo Automation,SF Bay Area,Other,62.00,,2023-07-13,Post-IPO,United States,154
Uber Freight,SF Bay Area,Logistics,40.00,,2023-07-13,Subsidiary,United States,2700
Deepwatch,Tampa Bay,Security,30.00,0.07,2023-07-13,Series C,United States,256
Centr,Sydney,Fitness,22.00,,2023-07-13,Unknown,Australia,
Factorial,Barcelona,HR,20.00,,2023-07-13,Series C,Spain,220
Peloton,New York City,Fitness,11.00,,2023-07-13,Post-IPO,United States,1900
Bark,New York City,Retail,,0.08,2023-07-13,Post-IPO,United States,282
Khoros,Austin,Sales,,0.05,2023-07-13,Private Equity,United States,138
Netlify,SF Bay Area,Other,,,2023-07-13,Series D,United States,212
SAS,Raleigh,Data,,,2023-07-13,Unknown,United States,
Binance,Cayman Islands,Crypto,1000.00,,2023-07-14,Unknown,Cayman Islands,
PayScale,Seattle,HR,14.00,0.02,2023-07-14,Acquired,United States,33
Sarcos,Salt Lake City,Aerospace,75.00,0.25,2023-07-17,Post-IPO,United States,316
Code42,Minneapolis,Security,,,2023-07-17,Unknown,United States,137
Ezoic,San Diego,Infrastructure,,0.28,2023-07-17,Series A,United States,39
IBM,Tel Aviv,Hardware,,,2023-07-17,Post-IPO,United States,
Lamudi Indonesia,Jakarta,Real Estate,,,2023-07-17,Acquired,Indonesia,56
Microsoft,Seattle,Other,1000.00,,2023-07-18,Post-IPO,United States,1
Cameo,Chicago,Consumer,80.00,,2023-07-18,Unknown,United States,165
Square Roots,New York City,Food,,,2023-07-18,Unknown,United States,91
AgentSync,Denver,Finance,67.00,0.24,2023-07-19,Series B,United States,111
Inspirato,Denver,Travel,50.00,0.06,2023-07-19,Post-IPO,United States,179
Tilia,SF Bay Area,Finance,28.00,0.32,2023-07-19,Unknown,United States,32
Blue Apron,New York City,Food,,0.2,2023-07-19,Post-IPO,United States,422
Viaplay,Stockholm,Media,450.00,0.25,2023-07-20,Unknown,Sweden,
Stoa,Phoenix,Real Estate,80.00,0.8,2023-07-20,Unknown,United States,
Dunzo,Bengaluru,Food,,,2023-07-20,Unknown,India,382
MiQ,London,Marketing,,,2023-07-20,Private Equity,United Kingdom,
Phunware,Austin,Other,,,2023-07-20,Post-IPO,United States,87
Saarthi.ai,Bengaluru,Support,,,2023-07-20,Unknown,India,
PathAI,Boston,Healthcare,87.00,,2023-07-21,Series C,United States,255
Bundle Africa,Lagos,Crypto,,1,2023-07-21,Seed,Nigeria,1
AppHarvest,Lexington,Food,,1,2023-07-24,Post-IPO,United States,692
Arive,Munich,Retail,,,2023-07-24,Unknown,Germany,37
Onfido,London,Finance,,,2023-07-24,Series D,United Kingdom,182
Deep Instict,New York City,Security,46.00,0.15,2023-07-25,Unknown,United States,322
Pluralsight,Salt Lake City,Education,,,2023-07-25,Acquired,United States,192
Copia,Nairobi,Retail,350.00,0.25,2023-07-26,Series C,Kenya,103
Figure,SF Bay Area,Crypto,90.00,0.2,2023-07-26,Unknown,United States,1500
Calendly,Atlanta,Other,60.00,0.1,2023-07-26,Series B,United States,351
Myntra,Bengaluru,Retail,50.00,,2023-07-26,Acquired,India,516
Kleos Space,Luxembourg,Aerospace,,1,2023-07-26,Post-IPO,Luxembourg,17
Ripl,Seattle,Marketing,,,2023-07-26,Unknown,United States,9
Milkbasket,Gurugram,Food,400.00,0.67,2023-07-27,Acquired,India,39
Wish,SF Bay Area,Retail,255.00,0.34,2023-07-27,Post-IPO,United States,1600
Point,SF Bay Area,Real Estate,61.00,0.28,2023-07-27,Series C,United States,149
Akseleran,Jakarta,Finance,60.00,,2023-07-27,Series A,Indonesia,9
Verbit,New York City,Data,60.00,0.06,2023-07-27,Series E,United States,569
Datree,SF Bay Area,Other,,1,2023-07-27,Seed,United States,11
Degreed,SF Bay Area,Education,,,2023-07-27,Unknown,United States,463
Eroad,Auckland,Transportation,200.00,0.31,2023-07-28,Unknown,New Zealand,46
Kape,London,Security,180.00,,2023-07-28,Post-IPO,United Kingdom,188
Homology,Boston,Healthcare,,,2023-07-28,Post-IPO,United States,187
Kape Technologies,London,Security,200.00,0.3,2023-07-30,Post-IPO,United Kingdom,188
Qoala,Jakarta,Finance,80.00,,2023-07-31,Series B,Indonesia,89
Fable,Toronto,Other,13.00,0.09,2023-07-31,Series A,Canada,12
Nexar,New York City,Transportation,12.00,,2023-07-31,Series D,United States,149
Cambricon,Beijing,Hardware,,,2023-07-31,Series B,China,200
Vesttoo,Tel Aviv,Finance,150.00,0.75,2023-08-01,Series C,Israel,110
Planet,SF Bay Area,Aerospace,117.00,0.1,2023-08-01,Post-IPO,United States,574
Paper,Montreal,Education,106.00,0.04,2023-08-01,Series D,Canada,389
Archipelago,SF Bay Area,Real Estate,40.00,0.3,2023-08-01,Series B,United States,57
Increff,Bengaluru,Retail,,0.2,2023-08-01,Series B,India,17
Indigo,Boston,Other,,,2023-08-01,Series F,United States,1200
inDrive,SF Bay Area,Transportation,,0.1,2023-08-01,Unknown,United States,387
Outreach ,Seattle,Sales,,0.05,2023-08-01,Series G,United States,489
Spinny,Gurugram,Transportation,300.00,0.05,2023-08-02,Series E,India,513
Tekion,Bengaluru,Other,300.00,0.1,2023-08-02,Series D,India,435
BetterUp,SF Bay Area,HR,100.00,0.16,2023-08-02,Series E,United States,567
Augury,New York City,Manufacturing,70.00,0.18,2023-08-02,Series E,United States,274
Gem,SF Bay Area,Recruiting,70.00,,2023-08-02,Series C,United States,148
Gupy,Sao Paulo,HR,58.00,0.08,2023-08-02,Series B,Brazil,105
Salesforce,Dublin,Sales,50.00,,2023-08-02,Post-IPO,Ireland,65
FamPay,Bengaluru,Finance,18.00,,2023-08-02,Series A,India,42
Actyv.ai,Bengaluru,Finance,,0.6,2023-08-02,Seed,India,12
ConnectedH,Gurugram,Healthcare,,1,2023-08-02,Seed,India,2
DICE,London,Consumer,,,2023-08-02,Series C,United Kingdom,135
HackerOne,SF Bay Area,Security,,0.12,2023-08-02,Series E,United States,159
Silofit,Montreal,Fitness,,1,2023-08-02,Series A,Canada,19
TripAdvisor,Boston,Travel,,,2023-08-02,Post-IPO,United States,3
Discord,SF Bay Area,Consumer,37.00,0.04,2023-08-03,Series H,United States,995
Bardee,Melbourne,Food,30.00,,2023-08-03,Seed,Australia,5
Aware,Columbus,Security,,,2023-08-03,Series C,United States,88
Ayoconnect,Jakarta,Finance,,0.1,2023-08-03,Series B,Indonesia,43
Finastra,Tel Aviv,Finance,,,2023-08-03,Unknown,Israel,
Qomplx,Washington D.C.,AI,60.00,,2023-08-04,Series A,United States,107
CodeClan,Edinburgh,Education,57.00,1,2023-08-04,Seed,United Kingdom,
Top Hat,Toronto,Education,42.00,0.07,2023-08-04,Series E,Canada,234
Astra,SF Bay Area,Aerospace,,0.25,2023-08-04,Post-IPO,United States,300
Big Cabal Media,Lagos,Media,,0.19,2023-08-04,Seed,Nigeria,3
Dell,Austin,Hardware,,,2023-08-07,Post-IPO,United States,
Verse,Barcelona,Finance,,1,2023-08-07,Acquired,Spain,38
Thoughtworks,Chicago,Other,579.00,0.05,2023-08-08,Post-IPO,United States,748
Rapid7,Boston,Security,470.00,0.18,2023-08-08,Post-IPO,United States,89
MPL,Bengaluru,Consumer,350.00,,2023-08-08,Unknown,India,375
Doximity,SF Bay Area,Healthcare,100.00,0.1,2023-08-08,Post-IPO,United States,82
23andMe,SF Bay Area,Healthcare,71.00,0.11,2023-08-08,Post-IPO,United States,1100
Caliva,SF Bay Area,Retail,54.00,,2023-08-08,Series B,United States,75
Sendy,Nairobi,Logistics,,1,2023-08-08,Series B,Kenya,26
Blend,SF Bay Area,Finance,150.00,0.19,2023-08-09,Post-IPO,United States,665
Niantic,Los Angeles,Other,100.00,,2023-08-09,Series D,United States,770
Babylon Health,London,Healthcare,94.00,,2023-08-09,Post-IPO,United Kingdom,1200
Dealtale,Tel Aviv,Sales,70.00,1,2023-08-09,Acquired,United States,2
Bukalapak,Jakarta,Retail,,,2023-08-09,Post-IPO,Indonesia,925
Podium,Lehi,Support,,,2023-08-09,Series D,United States,419
Quizy,Gurugram,Consumer,,1,2023-08-09,Seed,India,
StyleSeat,SF Bay Area,Consumer,,0.17,2023-08-09,Series C,United States,40
Shutterfly,Minneapolis,Manufacturing,246.00,,2023-08-10,Post-IPO,United States,50
SHINE Technologies,Milwaukee,Other,59.00,,2023-08-10,Series C,United States,672
Hike,New Delhi,Consumer,55.00,,2023-08-10,Unknown,India,261
NCC Group,Manchester,Security,,,2023-08-10,Post-IPO,United Kingdom,
LingoAce,Singapore,Education,,,2023-08-11,Series C,Singapore,180
SecureWorks,Atlanta,Security,300.00,0.15,2023-08-14,Post-IPO,United States,83
Easee,Sandnes,Energy,200.00,0.57,2023-08-14,Unknown,Norway,
CoinDesk,New York City,Crypto,,,2023-08-14,Acquired,United States,
iQiyi Smart,Beijing,Other,,,2023-08-14,Series C,China,
Noice,Helsinki,Consumer,,,2023-08-15,Seed,Finland,5
FlexCar,Boston,Transportation,20.00,,2023-08-16,Unknown,United States,297
Xendit,Jakarta,Finance,,,2023-08-16,Series D,Indonesia,534
Illumina,San Diego,Healthcare,151.00,,2023-08-17,Post-IPO,United States,28
AppFolio,Santa Barbara,Real Estate,149.00,0.09,2023-08-17,Post-IPO,United States,30
Intel,SF Bay Area,Hardware,140.00,,2023-08-17,Post-IPO,United States,12
StreamElements,Tel Aviv,Media,60.00,0.35,2023-08-17,Series B,Israel,111
CircleCI,SF Bay Area,Product,,,2023-08-17,Series F,United States,315
Times Internet ,Gurugram,Media,100.00,0.05,2023-08-18,Subsidiary,India,
Detectify,Stockholm,Security,30.00,,2023-08-18,Unknown,Sweden,42
Embrace,SF Bay Area,Product,,,2023-08-18,Unknown,United States,77
Zylo,Indianapolis,Other,,0.1,2023-08-18,Series C,United States,72
Spartan Poker,Kolkata,Consumer,125.00,0.4,2023-08-19,Unknown,India,
Twiga,Nairobi,Food,283.00,0.33,2023-08-20,Series C,Kenya,157
Recur,Miami,Crypto,,,2023-08-21,Series A,United States,55
Unite Us,New York City,Healthcare,,,2023-08-21,Series C,United States,196
Getir,London,Food,2500.00,0.11,2023-08-22,Series E,United Kingdom,1800
CoinDCX,Mumbai,Crypto,,0.12,2023-08-22,Series D,India,247
Datagen,Tel Aviv,AI,,,2023-08-22,Series B,Israel,72
Hypefast,Jakarta,Retail,,0.3,2023-08-22,Series A,Indonesia,33
Tempo Automation,SF Bay Area,Other,,,2023-08-22,Post-IPO,United States,154
Atlas,Chicago,HR,150.00,0.3,2023-08-23,Series B,United States,220
Veriff,Tallinn,Security,101.00,0.21,2023-08-23,Series C,Estonia,192
BlackLine,Los Angeles,Finance,95.00,0.05,2023-08-23,Post-IPO,United States,220
Rivos,SF Bay Area,Hardware,24.00,0.06,2023-08-23,Unknown,United States,
Cellulant,Nairobi,Finance,,0.2,2023-08-23,Series C,Kenya,54
JOIN,Berlin,Recruiting,,,2023-08-23,Unknown,Germany,
Captiv8,SF Bay Area,Marketing,8.00,0.03,2023-08-24,Unknown,United States,4
Chingari,Bengaluru,Media,,0.5,2023-08-24,Unknown,India,88
Fortinet,SF Bay Area,Security,,,2023-08-25,Post-IPO,United States,89
Cuemath,Bengaluru,Education,100.00,,2023-08-26,Unknown,India,121
HackerRank,SF Bay Area,Recruiting,53.00,,2023-08-27,Series D,United States,103
Zebra Technologies,Chicago,Manufacturing,700.00,0.07,2023-08-28,Post-IPO,United States,2000
CoinSwitch,Bengaluru,Crypto,44.00,,2023-08-28,Series C,India,301
Clockwork,Dallas,Crypto,,1,2023-08-28,Seed,United States,4
SenseTime,Hong Kong,AI,,,2023-08-28,Post-IPO,Hong Kong,2600
Kenko Health,Mumbai,Healthcare,50.00,0.2,2023-08-29,Unknown,India,14
123Milhas,Belo Horizonte,Travel,,,2023-08-29,Unknown,Brazil,
SkyKick,Seattle,Other,140.00,,2023-08-30,Unknown,United States,198
Omuni,Bengaluru,Retail,60.00,0.35,2023-08-30,Acquired,India,10
Kenko Health,Mumbai,Healthcare,50.00,0.2,2023-08-30,Series A,India,14
Huma,London,Healthcare,45.00,0.1,2023-08-30,Unknown,United Kingdom,217
Zeplin,SF Bay Area,Product,37.00,0.35,2023-08-30,Seed,United States,1
Pegasystems,Boston,HR,240.00,0.04,2023-08-31,Post-IPO,United States,
Biofourmis,Boston,Healthcare,120.00,,2023-08-31,Series D,United States,464
Malwarebytes,SF Bay Area,Security,100.00,,2023-08-31,Series B,United States,80
Expedia,Seattle,Travel,,,2023-08-31,Post-IPO,United States,3300
Productboard,SF Bay Area,Product,,0.1,2023-08-31,Series D,United States,
Khatabook,Bengaluru,Finance,42.00,,2023-09-01,Series C,India,187
Clearcover,Chicago,Finance,,0.28,2023-09-01,Series D,United States,304
Gated,SF Bay Area,Other,,1,2023-09-01,Seed,United States,3
Lunchtime,Brno,Food,,1,2023-09-01,Acquired,Czech Republic,
mPharma,Accra,Healthcare,150.00,,2023-09-04,Series D,Ghana,90
Xolo,Tallinn,Finance,24.00,,2023-09-04,Series A,Estonia,11
Nexar,New York City,Transportation,17.00,0.14,2023-09-04,Series D,United States,149
MaxMilhas,Belo Horizonte,Travel,82.00,0.18,2023-09-05,Unknown,Brazil,
Absci,Portland,Healthcare,30.00,0.15,2023-09-05,Post-IPO,United States,238
Hodinkee,New York City,Retail,24.00,0.2,2023-09-05,Seed,United States,40
Talent.com,Montreal,Recruiting,,,2023-09-05,Series B,Canada,150
Roku,SF Bay Area,Media,360.00,0.1,2023-09-06,Post-IPO,United States,208
ForeScout,Tel Aviv,Security,40.00,,2023-09-06,Acquired,United States,125
Better.com,New York City,Real Estate,,,2023-09-06,Unknown,United States,905
Blue Origin,Seattle,Aerospace,,,2023-09-06,Unknown,United States,167
iSpecimen,Boston,Healthcare,,0.2,2023-09-06,Post-IPO,United States,31
Drift,Boston,Marketing,100.00,0.25,2023-09-07,Acquired,United States,107
Hijra,Jakarta,Finance,,,2023-09-07,Unknown,Indonesia,67
ChargePoint,SF Bay Area,Manufacturing,,0.1,2023-09-08,Unknown,United States,1400
Sensor Tower,SF Bay Area,Marketing,,,2023-09-08,Private Equity,United States,46
Eurora,Tallinn,Other,111.00,,2023-09-11,Series A,Estonia,42
Chargebee,SF Bay Area,Finance,100.00,0.1,2023-09-11,Series H,United States,468
Divvy Homes,SF Bay Area,Real Estate,94.00,,2023-09-11,Series B,United States,180
Grabango,SF Bay Area,Food,34.00,0.4,2023-09-11,Unknown,United States,94
Bonterra ,Austin,Other,,,2023-09-11,Unknown,United States,
Mollie,Amsterdam,Finance,,,2023-09-11,Series C,Netherlands,928
Oyster,Charlotte,HR,,,2023-09-11,Series C,United States,224
Evolve,Denver,Travel,175.00,0.2,2023-09-12,Series F,United States,224
Binance.US,SF Bay Area,Crypto,100.00,0.33,2023-09-12,Subsidiary,United States,
Paper,Montreal,Education,87.00,0.03,2023-09-12,Series D,Canada,389
Homeday,Berlin,Real Estate,40.00,0.2,2023-09-12,Unknown,Germany,71
At-Bay,SF Bay Area,Security,27.00,0.09,2023-09-12,Unknown,United States,296
Google,SF Bay Area,Consumer,75.00,,2023-09-13,Post-IPO,United States,26
Akili Labs,Boston,Healthcare,,0.4,2023-09-13,Post-IPO,United States,301
Airtable,SF Bay Area,Product,237.00,0.27,2023-09-14,Series F,United States,1400
Project44,Chicago,Logistics,116.00,,2023-09-14,Unknown,United States,817
VideoAmp,Los Angeles,Marketing,40.00,0.1,2023-09-14,Series F,United States,456
R3,New York City,Crypto,,0.2,2023-09-14,Series A,United States,112
Sage Therapeutics copy,Boston,Healthcare,290.00,,2023-09-15,Post-IPO,United States,438
7shifts,Saskatoon,Food,30.00,0.07,2023-09-15,Series C,Canada,131
Velocity,Bengaluru,Finance,,0.14,2023-09-15,Series A,India,30
Cisco,SF Bay Area,Infrastructure,350.00,,2023-09-17,Post-IPO,United States,2
Hooray Foods,SF Bay Area,Food,,1,2023-09-17,Seed,United States,7
Nowadays,SF Bay Area,Food,,1,2023-09-18,Seed,United States,10
Akudo,Bengaluru,Finance,,1,2023-09-20,Seed,India,4
Outreach,Seattle,Sales,,0.12,2023-09-20,Series G,United States,489
Truss Works,SF Bay Area,Real Estate,,,2023-09-20,Unknown,United States,
DealShare,Bengaluru,Retail,130.00,,2023-09-21,Series E,India,390
Merative,Dublin,Healthcare,100.00,,2023-09-21,Acquired,United States,
Robinhood,SF Bay Area,Finance,,,2023-09-21,Post-IPO,United States,5600
Eat Just,SF Bay Area,Food,40.00,,2023-09-22,Unknown,United States,465
Appsmith,SF Bay Area,,35.00,0.25,2023-09-22,Series B,United States,51
Roblox,New York City,Consumer,30.00,,2023-09-22,Post-IPO,United States,857
Foodpanda,Singapore,Food,,,2023-09-22,Acquired,Singapore,749
Recast,Edinburgh,Media,,1,2023-09-22,Series A,United Kingdom,14
Lucid Software,Salt Lake City,Other,75.00,0.07,2023-09-25,Series E,United States,170
Dunzo,Bengaluru,Food,150.00,0.3,2023-09-26,Unknown,India,458
Flexe,Seattle,Logistics,131.00,0.33,2023-09-26,Series D,United States,263
Talkdesk,SF Bay Area,Support,,,2023-09-26,Series D,United States,497
Snap,Los Angeles,Consumer,170.00,,2023-09-27,Post-IPO,United States,4900
Fi.Money,Bengaluru,Finance,30.00,0.1,2023-09-27,Series C,India,137
Epic Games,Raleigh,Consumer,870.00,0.16,2023-09-28,Unknown,United States,6400
Lululemon Studio,New York City,Fitness,120.00,,2023-09-28,Acquired,United States,75
2U,Washington D.C.,Education,,,2023-09-28,Post-IPO,United States,426
Fit Analytics,Berlin,Retail,,1,2023-09-28,Acquired,United States,
Cowbell,SF Bay Area,Finance,28.00,0.12,2023-09-29,Series B,United States,123
N26,Berlin,Finance,14.00,,2023-09-29,Series E,Germany,1700
Andgo,Saskatoon,HR,9.00,,2023-09-29,Series A,Canada,5
Vendasta,Saskatoon,Marketing,,,2023-09-29,Series D,Canada,178
Chainalysis,New York City,Crypto,150.00,0.15,2023-10-02,Series F,United States,536
Synapse,SF Bay Area,Finance,86.00,0.4,2023-10-02,Series B,United States,50
Chia Network,SF Bay Area,Crypto,26.00,0.37,2023-10-02,Series D,United States,70
IronNet,Washington D.C.,Security,,1,2023-10-02,Post-IPO,United States,428
Sono Motors,Munich,Transportation,,,2023-10-02,Post-IPO,Germany,127
Dare,London,Energy,,,2023-10-03,Unknown,United Kingdom,
Sendoso,SF Bay Area,Marketing,,,2023-10-03,Series C,United States,152
Twitch,SF Bay Area,Consumer,,,2023-10-03,Acquired,United States,35
Qualtrics,Salt Lake City,Other,780.00,0.14,2023-10-04,Acquired,United States,400
Hopper,Montreal,Travel,250.00,0.3,2023-10-04,Unknown,Canada,730
Bird,Los Angeles,Transportation,,,2023-10-04,Post-IPO,United States,916
Block,SF Bay Area,Finance,,,2023-10-04,Post-IPO,United States,150
Meta,SF Bay Area,Consumer,,,2023-10-04,Post-IPO,United States,26000
Enovix,SF Bay Area,Energy,185.00,,2023-10-05,Post-IPO,United States,516
Bizongo,Mumbai,Retail,50.00,,2023-10-05,Series E,India,315
SchoolMint,SF Bay Area,Education,29.00,0.14,2023-10-05,Acquired,United States,8
SeekOut,Seattle,Recruiting,16.00,0.07,2023-10-05,Series C,United States,
Arrival,London,Transportation,,0.25,2023-10-05,Post-IPO,United Kingdom,629
Ledger,Paris,Crypto,,0.12,2023-10-05,Series C,France,577
Juniper Networks,SF Bay Area,Hardware,440.00,0.04,2023-10-06,Post-IPO,United States,39
InvestCloud,Los Angeles,Finance,80.00,0.05,2023-10-06,Private Equity,United States,54
Brave,SF Bay Area,Consumer,,0.09,2023-10-06,Series B,United States,42
Dash,New York City,Finance,,1,2023-10-06,Unknown,United States,86
Shift,SF Bay Area,Transportation,,1,2023-10-06,Post-IPO,United States,504
Yuga Labs,Miami,Crypto,,,2023-10-06,Unknown,United States,450
VTrips,Jacksonville,Travel,75.00,0.09,2023-10-07,Private Equity,United States,
Stitch Fix,Dallas,Retail,558.00,,2023-10-09,Post-IPO,United States,79
Carbon Health,SF Bay Area,Healthcare,114.00,0.05,2023-10-09,Series D,United States,522
Blue Origin,Seattle,Aerospace,40.00,,2023-10-09,Unknown,United States,167
Braid,SF Bay Area,Finance,,1,2023-10-09,Unknown,United States,
Product Hunt,,Consumer,,0.6,2023-10-09,Acquired,United States,
Neon,Sao Paulo,Finance,180.00,,2023-10-10,Series D,Brazil,727
Deepgram,SF Bay Area,AI,20.00,0.2,2023-10-11,Series B,United States,86
Acronis,Zurich,Security,,,2023-10-11,Private Equity,Switzerland,658
Qualcomm,San Diego,Hardware,1258.00,0.02,2023-10-12,Post-IPO,United States,
Lending Club,SF Bay Area,Finance,172.00,0.14,2023-10-12,Post-IPO,United States,392
MariaDB,SF Bay Area,Data,84.00,0.28,2023-10-12,Post-IPO,United States,272
Flexport,SF Bay Area,Logistics,,0.2,2023-10-13,Series E,United States,2400
Uno Health,New York City,Healthcare,,,2023-10-13,Unknown,United States,
Adda247,Gurugram,Education,300.00,,2023-10-14,Series B,India,61
PokerStars,Leeds,Consumer,,,2023-10-15,Acquired,United Kingdom,
LinkedIn,SF Bay Area,Recruiting,660.00,0.03,2023-10-16,Acquired,United States,154
CityMall,Gurugram,Retail,90.00,,2023-10-16,Series C,India,112
C2FO,Kansas City,Finance,80.00,0.03,2023-10-16,Series H,United States,537
Kayak / OpenTable,Stamford,Travel,80.00,,2023-10-16,Acquired,United States,229
Bandcamp,SF Bay Area,Other,58.00,0.5,2023-10-16,Acquired,United States,
Stack Overflow,New York City,Recruiting,,0.28,2023-10-16,Acquired,United States,153
Expedia,Seattle,Travel,100.00,,2023-10-17,Post-IPO,United States,3300
Waymo,SF Bay Area,Transportation,,,2023-10-17,Subsidiary,United States,5500
ManoMano,Paris,Retail,230.00,0.25,2023-10-18,Series F,France,705
Google,SF Bay Area,Consumer,40.00,,2023-10-18,Post-IPO,United States,26
WeTransfer,Amsterdam,Other,35.00,0.1,2023-10-18,Series A,Netherlands,64
Plume,Denver,Healthcare,24.00,,2023-10-18,Series B,United States,38
Belora Paris,Gurugram,Retail,,1,2023-10-18,Seed,India,
Made Renovation,SF Bay Area,Construction,,1,2023-10-18,Seed,United States,9
Volta Trucks,Stockholm,Transportation,,1,2023-10-18,Series C,Sweden,391
Convoy,Seattle,Logistics,500.00,1,2023-10-19,Series E,United States,1100
Bullhorn,Boston,Sales,140.00,0.09,2023-10-19,Acquired,United States,32
LegalZoom,Austin,Legal,100.00,,2023-10-19,Post-IPO,United States,951
StellarAlgo,Calgary,Data,21.00,0.28,2023-10-19,Series A,Canada,16
Nomad Health,New York City,Healthcare,119.00,0.17,2023-10-20,Unknown,United States,218
Tropic,New York City,Finance,26.00,,2023-10-20,Series B,United States,67
Nomad Health,New York City,Healthcare,,0.25,2023-10-20,Unknown,United States,218
Parity Technologies,London,Crypto,100.00,0.3,2023-10-23,Unknown,United Kingdom,
Roblox China,Shenzen,Consumer,15.00,,2023-10-23,Subsidiary,China,
SiFive,SF Bay Area,Hardware,130.00,0.2,2023-10-24,Series F,United States,365
Pebble,SF Bay Area,Consumer,,1,2023-10-24,Seed,United States,1
Shipt,Birmingham,Retail,,0.03,2023-10-24,Acquired,United States,65
Salsify,Boston,Retail,110.00,,2023-10-25,Unknown,United States,453
 F-Secure ,Helsinki,Security,70.00,,2023-10-25,Post-IPO,Finland,
Virgio,Bengaluru,Retail,20.00,0.33,2023-10-25,Series A,India,
Exabeam,SF Bay Area,Security,,0.2,2023-10-25,Series F,United States,391
Multiverse,London,Education,,,2023-10-25,Series D,United Kingdom,414
Slync,Dallas,Logistics,,1,2023-10-25,Series B,United States,76
Hippo Insurance,SF Bay Area,Finance,120.00,0.2,2023-10-26,Post-IPO,United States,1300
Graphy,Bengaluru,Education,50.00,0.2,2023-10-26,Subsidiary,India,
Karat Financial,Los Angeles,Finance,,,2023-10-27,Series B,United States,116
StepStone,Berlin,Recruiting,215.00,0.05,2023-10-30,Acquired,Germany,
Hubilo,SF Bay Area,Other,50.00,,2023-10-30,Series B,United States,153
Olive,Columbus,Healthcare,,1,2023-10-31,Series H,United States,856
Informatica,SF Bay Area,Data,545.00,0.1,2023-11-01,Post-IPO,United States,
Splunk,SF Bay Area,Data,500.00,0.07,2023-11-01,Post-IPO,United States,2400
Faire,SF Bay Area,Retail,250.00,0.2,2023-11-01,Series G,United States,1700
Sana Benefits,Austin,HR,73.00,0.5,2023-11-01,Series B,United States,106
Viasat,San Diego,Other,800.00,0.1,2023-11-02,Post-IPO,United States,366
Beyond Meat,Los Angeles,Food,65.00,0.08,2023-11-02,Post-IPO,United States,122
OpenSpace,SF Bay Area,Construction,,,2023-11-02,Series D,United States,200
Orchard,New York City,Real Estate,,,2023-11-02,Series D,United States,472
Sportradar,St. Gallen,Data,,0.1,2023-11-02,Post-IPO,Switzerland,84
F5,Seattle,Security,120.00,0.02,2023-11-03,Post-IPO,United States,
NIO,Shanghai,Transportation,,0.1,2023-11-03,Post-IPO,China,7200
OpenSea,New York City,Crypto,,0.5,2023-11-03,Series C,United States,427
Ava Labs,New York City,Crypto,,0.12,2023-11-06,Unknown,United States,640
Homie,Salt Lake City,Real Estate,,,2023-11-06,Series B,United States,35
Moore Threads,Beijing,Hardware,,,2023-11-06,Series B,China,
Pico Interactive,SF Bay Area,Other,,,2023-11-06,Acquired,United States,62
Oportun,SF Bay Area,Finance,185.00,0.07,2023-11-07,Post-IPO,United States,766
Zillow,Seattle,Real Estate,23.00,,2023-11-07,Post-IPO,United States,97
Nextdoor,SF Bay Area,Consumer,,0.25,2023-11-07,Post-IPO,United States,736
Zeus Living,SF Bay Area,Real Estate,,1,2023-11-07,Series C,United States,151
Snap,Los Angeles,Consumer,20.00,,2023-11-08,Post-IPO,United States,4900
Amazon,Seattle,Retail,,,2023-11-08,Post-IPO,United States,108
BigCommerce,Austin,Retail,,0.07,2023-11-08,Post-IPO,United States,224
CloudKitchens,Los Angeles,Real Estate,,,2023-11-08,Unknown,United States,1300
Google,SF Bay Area,Consumer,,,2023-11-08,Post-IPO,United States,26
Carta,SF Bay Area,HR,,,2023-11-09,Series G,United States,1100
Commure,SF Bay Area,Healthcare,,,2023-11-09,Unknown,United States,1900
OSlash,Bengaluru,Other,,1,2023-11-09,Seed,India,7
Bowery Farming,New York City,Food,,,2023-11-10,Unknown,United States,626
TripAdvisor,Boston,Travel,125.00,0.04,2023-11-12,Post-IPO,United States,3
Amazon,Seattle,Retail,180.00,,2023-11-13,Post-IPO,United States,108
Chewy,Miami,Retail,200.00,,2023-11-14,Post-IPO,United States,451
Sarcos,Pittsburgh,Aerospace,150.00,,2023-11-14,Post-IPO,United States,316
Cake Group,Singapore,Crypto,50.00,0.3,2023-11-14,Unknown,Singapore,
Halodoc,Jakarta,Healthcare,,,2023-11-14,Series D,India,245
Markforged,Boston,Manufacturing,,,2023-11-14,Post-IPO,United States,347
Ping Identity,Denver,Security,,,2023-11-14,Acquired,United States,128
FintechOS,Bucharest,Finance,,,2023-11-15,Series B,Romania,91
FreshBooks,Toronto,Finance,,0.06,2023-11-15,Unknown,Canada,331
Landing,Birmingham,Real Estate,,,2023-11-15,Series C,United States,347
Singular Genomics,San Diego,Healthcare,,0.1,2023-11-15,Post-IPO,United States,176
Uleet,Columbus,Healthcare,,1,2023-11-15,Unknown,United States,
Sierra Space,Boulder,Aerospace,115.00,,2023-11-16,Series B,United States,1700
Paystack,Lagos,Finance,33.00,,2023-11-16,Acquired,Nigeria,10
Beamery,London,HR,,0.25,2023-11-16,Series D,United Kingdom,223
Sonos,New York City,Consumer,,,2023-11-16,Post-IPO,United States,455.2
NextGen Healthcare,St. Louis,Healthcare,84.00,,2023-11-17,Acquired,United States,
Amazon,Seattle,Retail,,,2023-11-17,Post-IPO,United States,108
Buildertrend,Omaha,Construction,,0.16,2023-11-17,Unknown,United States,
Jane,Lehi,Retail,,1,2023-11-17,Series A,United States,40
Zazuu,London,Finance,,,2023-11-17,Unknown,United Kingdom,
Physics Wallah,Noida,Education,120.00,0.01,2023-11-19,Series A,India,100
Jodo,Bengaluru,Finance,100.00,,2023-11-20,Series A,India,19
C3.ai,SF Bay Area,AI,,,2023-11-20,Series F,United States,228
Presto,SF Bay Area,Food,,0.17,2023-11-20,Post-IPO,United States,167
Alerzo,Ibadan,Retail,100.00,,2023-11-21,Series B,Nigeria,16
McMakler,Berlin,Real Estate,60.00,,2023-11-21,Unknown,Germany,214
Tulip Retail,Toronto,Retail,25.00,,2023-11-21,Series C,Canada,79
Anar,Mumbai,Marketing,,1,2023-11-25,Seed,India,6
Veev,SF Bay Area,Construction,,1,2023-11-26,Series D,United States,597
VMware,SF Bay Area,Infrastructure,2837.00,,2023-11-27,Acquired,United States,393
Bytedance,Shanghai,Consumer,1000.00,,2023-11-27,Unknown,China,9400
Our Next Energy,Detroit,Transportation,128.00,0.25,2023-11-27,Series B,United States,390
Unity,SF Bay Area,Other,265.00,0.04,2023-11-28,Post-IPO,United States,1300
Dataminr,New York City,AI,150.00,0.2,2023-11-28,Series F,United States,1100
Multiverse,London,Education,,0.05,2023-11-28,Series D,United Kingdom,414
Tier Mobility,Berlin,Transportation,,0.22,2023-11-28,Series D,Germany,646
Loco,Mumbai,Consumer,40.00,0.36,2023-11-30,Acquired,India,52
Zepz,London,Finance,30.00,0.02,2023-11-30,Series E,United Kingdom,700
Domo,Salt Lake City,Data,,0.07,2023-11-30,Post-IPO,United States,689
Mojo,New York City,Consumer,,,2023-11-30,Unknown,United States,100
Pipedrive,Tallinn,Sales,,,2023-11-30,Private Equity,Estonia,90
Vox Media,Washington D.C.,Media,,0.04,2023-11-30,Series F,United States,307
Filmic,Seattle,Other,,1,2023-12-01,Acquired,United States,
Spotify,Stockholm,Media,1500.00,0.17,2023-12-04,Post-IPO,Sweden,2100
TuSimple,San Diego,Transportation,150.00,,2023-12-04,Post-IPO,United States,648
Meow Wolf,Santa Fe,Media,8.00,,2023-12-04,Unknown,United States,185
DwellWell,Los Angeles,Real Estate,,1,2023-12-04,Seed,United States,6
Twilio,SF Bay Area,Other,,0.05,2023-12-04,Post-IPO,United States,614
ZestMoney,Bengaluru,Finance,150.00,1,2023-12-05,Series C,India,120
Navan,SF Bay Area,Finance,145.00,0.05,2023-12-05,Unknown,United States,2200
Incredibuild,Tel Aviv,Product,40.00,0.2,2023-12-05,Series B,Israel,35
Bill.com,SF Bay Area,Finance,,0.15,2023-12-05,Post-IPO,United States,280
Contentful,Berlin,Marketing,,,2023-12-05,Series F,Germany,350
Course Hero,SF Bay Area,Education,,0.25,2023-12-05,Series C,United States,477
Pivo,Abuja,Finance,,1,2023-12-05,Seed,Nigeria,3
Yahoo,SF Bay Area,Consumer,,,2023-12-05,Acquired,United States,6
Navan,SF Bay Area,Travel,145.00,,2023-12-06,Unknown,United States,2200
Tidal,New York City,Consumer,40.00,0.1,2023-12-06,Acquired,United States,
Simplilearn,Bengaluru,Education,200.00,,2023-12-07,Acquired,India,76
Rivian,Detroit,Transportation,20.00,,2023-12-07,Post-IPO,United States,10700
Atmosphere,Austin,Other,,,2023-12-07,Series D,United States,214
Zulily,Seattle,Retail,839.00,1,2023-12-08,Acquired,United States,194
D2iQ,SF Bay Area,Infrastructure,,1,2023-12-08,Series D,United States,247
Jungle Scout,Austin,Retail,,,2023-12-09,Private Equity,United States,110
SmileDirectClub,Nashville,Healthcare,,1,2023-12-09,Post-IPO,United States,694
Sunfolding,SF Bay Area,Energy,,1,2023-12-09,Series B,United States,32
Chipper Cash,SF Bay Area,Finance,15.00,0.33,2023-12-11,Series C,United States,302
TomTom,Lodz,Transportation,45.00,,2023-12-12,Post-IPO,Poland,
Invitae,SF Bay Area,Healthcare,235.00,0.15,2023-12-13,Post-IPO,United States,2500
Etsy,New York City,Retail,225.00,0.11,2023-12-13,Post-IPO,United States,97
Analog Devices,SF Bay Area,Manufacturing,111.00,,2023-12-13,Post-IPO,United States,
ForgeRock,SF Bay Area,Other,109.00,,2023-12-13,Acquired,United States,234
Flex,SF Bay Area,Manufacturing,31.00,,2023-12-13,Unknown,United States,
FourKites,Chicago,Logistics,,0.15,2023-12-13,Unknown,United States,241
Sojern,SF Bay Area,Marketing,,0.2,2023-12-13,Unknown,United States,172
Cruise,SF Bay Area,Transportation,900.00,0.24,2023-12-14,Acquired,United States,15000
Solarisbank,Berlin,Finance,20.00,,2023-12-14,Unknown,Germany,385
Bolt,SF Bay Area,Finance,,0.29,2023-12-14,Series E,United States,1300
Curalie,Berlin,Healthcare,,1,2023-12-14,Unknown,Germany,
Curbio,Washington D.C.,Real Estate,,,2023-12-14,Series B,United States,76
Flyhomes,Seattle,Real Estate,,,2023-12-14,Series C,United States,310
Stellar Pizza,Los Angeles,Food,,0.5,2023-12-14,Series A,United States,25
Glowforge,Seattle,Manufacturing,30.00,,2023-12-15,Series E,United States,133
Jellysmack,Paris,Media,,,2023-12-15,Series C,France,22
Superpedestrian,Boston,Transportation,,,2023-12-15,Series C,United States,262
eBay,Tel Aviv,Retail,20.00,,2023-12-17,Post-IPO,United States,1200
Enphase Energy,SF Bay Area,Energy,350.00,0.1,2023-12-18,Post-IPO,United States,116
Udaan,Bengaluru,Retail,100.00,0.1,2023-12-18,Unknown,India,1500
Checkout.com,London,Finance,80.00,,2023-12-18,Series D,United Kingdom,1800
Arm Holdings,Shanghai,Hardware,70.00,,2023-12-18,Post-IPO,China,
Delivery Hero,Berlin,Food,,,2023-12-18,Post-IPO,Germany,9900
InSightec,Haifa,Healthcare,100.00,0.2,2023-12-19,Unknown,United States,733
Kaspien,Seattle,Retail,,1,2023-12-19,Post-IPO,United States,52
ShareChat,Bengaluru,Consumer,200.00,0.15,2023-12-20,Series H,India,1700
Intel,Sacramento,Hardware,311.00,,2023-12-21,Post-IPO,United States,12
Hyperloop One,Los Angeles,Transportation,,1,2023-12-21,Unknown,United States,368
Palmetto Clean Technology,Charleston,Energy,,,2023-12-21,Private Equity,United States,628
Paytm,Noida,Finance,1000.00,,2023-12-25,Unknown,India,
Strake,Boulder,Infrastructure,,1,2023-12-28,Unknown,United States,
Bolt.Earth,Bengaluru,Energy,,0.2,2023-12-29,Series B,India,24
Ocado,London,Food,1000.00,,2023-12-31,Post-IPO,United Kingdom,2000
Frontdesk,Milwaukee,Travel,200.00,1,2024-01-02,Unknown,United States,26
The Messenger,New York City,Media,24.00,,2024-01-02,Unknown,United States,
Xerox,Norwalk,Hardware,3000.00,0.15,2024-01-03,Post-IPO,United States,27200
Lazada Group ,Singapore,Retail,100.00,0.3,2024-01-03,Acquired,Singapore,7200
Orca Security,Tel Aviv,Security,60.00,0.15,2024-01-03,Series C,Israel,632
Trigo,Tel Aviv,Retail,30.00,0.15,2024-01-04,Series C,Israel,199
InVision,New York City,Product,,1,2024-01-04,Series F,United States,356
VideoAmp,Los Angeles,Marketing,,0.2,2024-01-04,Series F,United States,456
Cue Health,San Diego,Healthcare,94.00,0.13,2024-01-05,Post-IPO,United States,899
Lever,SF Bay Area,Recruiting,,,2024-01-05,Acquired,United States,123
NanoString Technologies,Seattle,Healthcare,50.00,0.09,2024-01-06,Post-IPO,United States,826
LiveVox,SF Bay Area,Support,,,2024-01-07,Acquired,United States,12
Unity,SF Bay Area,Other,1800.00,0.25,2024-01-08,Post-IPO,United States,1300
Flipkart,Bengaluru,Retail,1100.00,0.05,2024-01-08,Acquired,India,12900
NuScale Power,Corvallis,Energy,154.00,0.28,2024-01-08,Post-IPO,United States,470
Flexe,Seattle,Logistics,99.00,0.38,2024-01-08,Series D,United States,263
Pitch,Berlin,Other,80.00,0.67,2024-01-08,Series B,Germany,138
BenchSci,Toronto,Healthcare,70.00,0.17,2024-01-08,Series D,Canada,164
Here,Miami,Real Estate,,1,2024-01-08,Seed,United States,5
Ledger Investing,New York City,Finance,,0.25,2024-01-08,Series B,United States,91
Lendio,Lehi,Finance,,,2024-01-08,Series E,United States,108
MeridianLink,Los Angeles,Finance,,0.09,2024-01-08,Post-IPO,United States,485
Twitch,SF Bay Area,Consumer,500.00,0.35,2024-01-09,Acquired,United States,35
Branch,Columbus,Finance,85.00,,2024-01-09,Series C,United States,229
Nevro,SF Bay Area,Healthcare,63.00,0.05,2024-01-09,Post-IPO,United States,556
FullStory,Atlanta,Marketing,50.00,0.1,2024-01-09,Unknown,United States,197
Uber Freight,SF Bay Area,Logistics,40.00,,2024-01-09,Subsidiary,United States,2700
Rent the Runway,New York City,Retail,37.00,0.1,2024-01-09,Post-IPO,United States,526
Treasure Financial,SF Bay Area,Finance,14.00,0.6,2024-01-09,Series A,United States,14
Humane,SF Bay Area,Hardware,10.00,0.04,2024-01-09,Series C,United States,230
EVBox,Amsterdam,Energy,,,2024-01-09,Post-IPO,Netherlands,
Morning Consult,Washington D.C.,Data,,,2024-01-09,Series B,United States,91
Trend Micro,Tokyo,Security,,0.02,2024-01-09,Unknown,Japan,
Citrix,Miami,Infrastructure,1000.00,0.12,2024-01-10,Acquired,United States,20
Google,SF Bay Area,Consumer,1000.00,,2024-01-10,Post-IPO,United States,26
IAC,New York City,Consumer,330.00,,2024-01-10,Post-IPO,United States,
FreshDirect,New York City,Food,100.00,0.03,2024-01-10,Acquired,United States,280
Beam Benefits,Columbus,Healthcare,74.00,,2024-01-10,Series E,United States,168
Instagram,SF Bay Area,Consumer,60.00,,2024-01-10,Acquired,United States,57
Amazon,Seattle,Retail,,,2024-01-10,Post-IPO,United States,108
ChargePoint,SF Bay Area,Manufacturing,,0.12,2024-01-10,Unknown,United States,1400
SoFi,SF Bay Area,Finance,,0.04,2024-01-10,Post-IPO,United States,3000
New Work SE,Hamburg,Consumer,400.00,,2024-01-11,Post-IPO,Germany,
Playtika,Tel Aviv,Consumer,300.00,0.1,2024-01-11,Post-IPO,Israel,
Discord,SF Bay Area,Consumer,170.00,0.17,2024-01-11,Series H,United States,995
Inmobi,Bengaluru,Marketing,125.00,0.05,2024-01-11,Unknown,India,320
Audible,New York City,Media,100.00,0.05,2024-01-11,Acquired,United States,14
7Shifts,Saskatoon,Food,68.00,0.19,2024-01-11,Series C,Canada,131
Sisense,New York City,Data,60.00,0.13,2024-01-11,Series F,United States,274
Cloudflare,SF Bay Area,Security,40.00,,2024-01-11,Post-IPO,United States,332
888,Tel Aviv,Consumer,,,2024-01-11,Post-IPO,Israel,
Certinia,SF Bay Area,Other,,,2024-01-11,Unknown,United States,194
Chief,New York City,HR,,,2024-01-11,Series B,United States,140
Dextrous Robotics,Memphis,Logistics,,1,2024-01-11,Unknown,United States,
Veeam,Columbus,Data,300.00,,2024-01-12,Acquired,United States,500
GrabCAD,Tallinn,Other,13.00,,2024-01-12,Acquired,Estonia,28
Artifact,SF Bay Area,Media,,1,2024-01-12,Unknown,United States,
Dastgyr,Karachi,Retail,,0.8,2024-01-12,Series A,Pakistan,41
Hologram,Chicago,Infrastructure,,,2024-01-12,Unknown,United States,82
Vendr,Boston,Other,,,2024-01-12,Series B,United States,216
SonderMind,Denver,Healthcare,49.00,0.17,2024-01-16,Series C,United States,183
First Mode,Seattle,Transportation,48.00,0.2,2024-01-16,Acquired,United States,9
ALI Technologies,Tokyo,Transportation,,1,2024-01-16,Unknown,Japan,
Google,SF Bay Area,Consumer,,,2024-01-16,Post-IPO,United States,26
Thursday,London,Consumer,,0.7,2024-01-16,Seed,United Kingdom,3
YouTube,SF Bay Area,Media,100.00,,2024-01-17,Acquired,United States,11
Sirplus,Berlin,Food,60.00,,2024-01-17,Seed,Germany,
Amazon,Seattle,Retail,30.00,,2024-01-18,Post-IPO,United States,108
Fashinza,New York City,Retail,,,2024-01-18,Unknown,United States,153
Stitch Fix,Dallas,Retail,,,2024-01-18,Post-IPO,United States,79
Wayfair,Boston,Retail,1650.00,0.13,2024-01-19,Post-IPO,United States,1700
SolarEdge,Tel Aviv,Energy,900.00,0.16,2024-01-21,Post-IPO,Israel,155
Riot Games,Los Angeles,Consumer,530.00,0.11,2024-01-22,Acquired,United States,21
Xendit,Jakarta,Finance,200.00,,2024-01-22,Series D,Indonesia,534
TikTok,Los Angeles,Consumer,60.00,,2024-01-22,Acquired,United States,
2U,Washington D.C.,Education,,,2024-01-22,Post-IPO,United States,426
Google,SF Bay Area,Consumer,,,2024-01-22,Post-IPO,United States,26
Xendit,Jakarta,Finance,,,2024-01-22,Series D,Indonesia,534
SAP,Walldorf,Other,8000.00,0.07,2024-01-23,Post-IPO,Germany,1300
eBay,SF Bay Area,Retail,1000.00,0.09,2024-01-23,Post-IPO,United States,1200
Vroom,New York City,Transportation,800.00,0.9,2024-01-23,Post-IPO,United States,1300
Brex,SF Bay Area,Finance,282.00,0.2,2024-01-23,Series D,United States,1500
Cure.fit,Bengaluru,Fitness,120.00,,2024-01-23,Series F,India,625
GoStudent,Vienna,Education,100.00,,2024-01-23,Series D,Austria,686
Jellysmack,Paris,Media,30.00,,2024-01-23,Series C,France,22
GoTo,Boston,Other,29.00,,2024-01-23,Acquired,United States,2
Seedr,London,Finance,15.00,,2024-01-23,Acquired,United Kingdom,28
Cult.fit,Bengaluru,Fitness,100.00,,2024-01-24,Series F,India,635
Personio,Munich,HR,100.00,,2024-01-24,Series E,Germany,724
Storytel,Stockholm,Media,80.00,0.13,2024-01-24,Post-IPO,Sweden,275
Aurora,Pittsburgh,Transportation,,0.03,2024-01-24,Post-IPO,United States,3700
Desktop Metal,Boston,Other,,0.2,2024-01-24,Post-IPO,United States,811
HubSpot,Boston,Marketing,,,2024-01-24,Post-IPO,United States,100
Microsoft,Seattle,Other,1900.00,,2024-01-25,Post-IPO,United States,1
Swiggy,Bengaluru,Food,400.00,0.07,2024-01-25,Unknown,India,3600
Veho,Boulder,Logistics,65.00,0.19,2024-01-25,Series B,United States,299
Amperity,Seattle,Marketing,20.00,,2024-01-25,Series D,United States,187
MVPindex,Austin,Marketing,12.00,0.3,2024-01-25,Series B,United States,27
Business Insider,New York City,Media,,0.08,2024-01-25,Acquired,United States,56
Cova,Lagos,Finance,,1,2024-01-25,Unknown,Nigeria,
Jamf,Minneapolis,Other,,0.06,2024-01-25,Post-IPO,United States,332
Salesforce,SF Bay Area,Sales,700.00,0.01,2024-01-26,Post-IPO,United States,65
Flexport,SF Bay Area,Logistics,,0.2,2024-01-26,Series E,United States,2400
Productboard,SF Bay Area,Product,,,2024-01-26,Series D,United States,
iRobot,Boston,Consumer,350.00,0.31,2024-01-29,Post-IPO,United States,30
DispatchHealth,Denver,Healthcare,88.00,,2024-01-29,Series E,United States,733
Loopio,Toronto,Sales,,0.06,2024-01-29,Private Equity,Canada,263
PayPal,SF Bay Area,Finance,2500.00,0.09,2024-01-30,Post-IPO,United States,216
Block,SF Bay Area,Finance,1000.00,0.1,2024-01-30,Post-IPO,United States,150
Kiwi.com,Brno,Travel,216.00,0.18,2024-01-30,Unknown,Czech Republic,107
Aurora Solar,SF Bay Area,Energy,111.00,0.2,2024-01-30,Series D,United States,523
Wattpad,Toronto,Media,20.00,0.1,2024-01-30,Acquired,Canada,117
TechCrunch,SF Bay Area,Media,7.00,,2024-01-30,Acquired,United States,
Noom,New York City,Fitness,,,2024-01-30,Series F,United States,657
Procore,Santa Barbara,Construction,,0.04,2024-01-30,Post-IPO,United States,654
Vipps,Vilnius,Finance,,,2024-01-30,Unknown,Lithuania,
Proofpoint,SF Bay Area,Security,280.00,0.06,2024-01-31,Acquired,United States,885
Trove Recommerce,SF Bay Area,Retail,130.00,,2024-01-31,Series E,United States,152
CircleCI,SF Bay Area,Product,100.00,,2024-01-31,Series F,United States,315
Thinx,New York City,Retail,95.00,,2024-01-31,Acquired,United States,26
Innoviz,Tel Aviv,Transportation,60.00,0.13,2024-01-31,Post-IPO,Israel,547
The Messenger,Miami,Media,,1,2024-01-31,Unknown,United States,
Zuora,SF Bay Area,Finance,,0.08,2024-01-31,Post-IPO,United States,647
Okta,SF Bay Area,Security,400.00,0.07,2024-02-01,Post-IPO,United States,1200
Zoom,SF Bay Area,Other,150.00,0.02,2024-02-01,Post-IPO,United States,276
Illumina,San Diego,Healthcare,111.00,,2024-02-01,Post-IPO,United States,28
Polygon,Cayman Islands,Crypto,60.00,0.19,2024-02-01,Unknown,Cayman Islands,451
Indigo,Boston,Other,,,2024-02-01,Series F,United States,1200
Cue Health,San Diego,Healthcare,245.00,0.3,2024-02-02,Post-IPO,United States,899
Top Hat,Toronto,Education,35.00,0.07,2024-02-02,Series E,Canada,234
Cake Bikes,Stockholm,Transportation,,1,2024-02-02,Unknown,Sweden,74
Small Robot Company,Salisbury,Food,,1,2024-02-02,Unknown,United Kingdom,10
Twig,London,Finance,,1,2024-02-02,Unknown,United Kingdom,41
Snap,Los Angeles,Consumer,500.00,0.1,2024-02-05,Post-IPO,United States,4900
Drizly,Boston,Retail,168.00,1,2024-02-05,Acquired,United States,119
BillGO,Fort Collins,Finance,80.00,,2024-02-05,Series B,United States,119
Impact.com,Los Angeles,Sales,40.00,0.03,2024-02-05,Private Equity,United States,361
Astrate Medical,Philadelphia,Healthcare,,1,2024-02-05,Series A,United States,13
Meetup,New York City,Consumer,,,2024-02-05,Acquired,United States,18
Muvin,Bengaluru,Finance,,1,2024-02-05,Seed,India,4
Nomad Health,New York City,Healthcare,,,2024-02-05,Unknown,United States,218
Zwift,Los Angeles,Fitness,,,2024-02-05,Series C,United States,619
DocuSign,SF Bay Area,Sales,440.00,0.06,2024-02-06,Post-IPO,United States,536
Amazon,Seattle,Retail,400.00,,2024-02-06,Post-IPO,United States,108
Glowforge,Seattle,Manufacturing,,,2024-02-06,Series E,United States,133
Grammarly,SF Bay Area,Consumer,230.00,,2024-02-07,Unknown,United States,400
Fireblocks,New York City,Crypto,20.00,0.03,2024-02-07,Series E,United States,1000
Tenable,Baltimore,Security,,0.05,2024-02-07,Post-IPO,United States,565
Workfellow,Espoo,HR,,1,2024-02-07,Seed,Finland,3
Pure Storage,SF Bay Area,Data,275.00,,2024-02-08,Post-IPO,United States,529
Otovo,Oslo,Energy,65.00,0.15,2024-02-08,Post-IPO,Norway,247
Getaround,SF Bay Area,Transportation,,0.3,2024-02-08,Post-IPO,United States,948
Journera,Chicago,Travel,,1,2024-02-08,Series B,United States,31
Licious,Bengaluru,Food,80.00,0.03,2024-02-09,Series F,India,490
BlissClub,Bengaluru,Retail,21.00,0.18,2024-02-09,Series A,India,20
Kandji,San Diego,Other,,,2024-02-09,Series C,United States,188
SiriusXM,New York City,Media,160.00,0.03,2024-02-12,Post-IPO,United States,525
Instacart,SF Bay Area,Food,250.00,0.07,2024-02-13,Post-IPO,United States,2900
Redesign Health,New York City,Healthcare,77.00,,2024-02-13,Unknown,United States,315
Mozilla,SF Bay Area,Consumer,60.00,0.05,2024-02-13,Unknown,United States,2.3
Impinj,Seattle,Other,50.00,0.1,2024-02-13,Post-IPO,United States,137
Riskified,New York City,Retail,40.00,0.06,2024-02-13,Post-IPO,United States,229
Everybuddy,Tel Aviv,Consumer,,1,2024-02-13,Series A,Israel,15
Popcore,Berlin,Consumer,,,2024-02-13,Acquired,Germany,
Wisense,Tel Aviv,Transportation,,1,2024-02-13,Unknown,Israel,37
Cisco,SF Bay Area,Infrastructure,4250.00,0.05,2024-02-14,Post-IPO,United States,2
Wint Wealth,Nashik,Finance,19.00,0.2,2024-02-14,Series A,India,16
Away,New York City,Retail,,0.25,2024-02-14,Series D,United States,181
Toast,Boston,Food,550.00,0.1,2024-02-15,Post-IPO,United States,962
Sonder,SF Bay Area,Travel,106.00,0.17,2024-02-15,Post-IPO,United States,839
LinkSquares,Boston,Legal,90.00,,2024-02-15,Series C,United States,161
Storytel,Stockholm,Consumer,80.00,0.13,2024-02-15,Post-IPO,Sweden,312
Gro Intelligence,New York City,Food,20.00,0.1,2024-02-15,Series B,United States,118
CodeSee,SF Bay Area,Data,,1,2024-02-15,Seed,United States,10
May Mobility,Ann Arbor,Transportation,,0.13,2024-02-15,Series D,United States,303
Farfetch,London,Retail,2000.00,0.25,2024-02-16,Acquired,United Kingdom,1700
Voi,Stockholm,Transportation,120.00,0.12,2024-02-16,Series D,United States,515
Aptiv,Krakow,Transportation,250.00,,2024-02-20,Post-IPO,Poland,8
Tails.com,London,Retail,55.00,0.25,2024-02-20,Series A,United Kingdom,5
Auctane,Austin,Retail,,,2024-02-20,Unknown,United States,
KnownOrigin,Manchester,Crypto,,0.3,2024-02-20,Acquired,United Kingdom,3
Meati,Boulder,Food,,0.3,2024-02-20,Series C,United States,274
Affirm,Pittsburgh,Finance,60.00,,2024-02-21,Post-IPO,United States,1500
Finder,Sydney,Retail,60.00,0.17,2024-02-21,Unknown,Australia,30
BuzzFeed,New York City,Media,,0.16,2024-02-21,Post-IPO,United States,696
Rivian,Detroit,Transportation,,0.1,2024-02-21,Post-IPO,United States,10700
Vice Media,New York City,Media,,,2024-02-22,Unknown,United States,1600
Redesign Health,New York City,Healthcare,77.00,,2024-02-23,Series C,United States,315
Carbon Health,SF Bay Area,Healthcare,56.00,,2024-02-23,Series D,United States,522
Expedia,Seattle,Travel,1500.00,0.08,2024-02-26,Post-IPO,United States,3300
WayCool,Chennai,Food,70.00,,2024-02-26,Unknown,India,363
Daraz,Singapore,Retail,,,2024-02-26,Unknown,Singapore,
Sony Interactive,SF Bay Area,Consumer,900.00,0.08,2024-02-27,Subsidiary,United States,
Bumble,Austin,Consumer,350.00,0.3,2024-02-27,Post-IPO,United States,313
PropertyGuru,Singapore,Real Estate,79.00,,2024-02-27,Post-IPO,Singapore,676
Apple,SF Bay Area,Transportation,,,2024-02-27,Post-IPO,United States,1200
Electronic Arts,SF Bay Area,Consumer,670.00,0.05,2024-02-28,Post-IPO,United States,2
Vacasa,Portland,Travel,320.00,0.05,2024-02-28,Post-IPO,United States,834
OrCam,Jerusalem,Healthcare,50.00,0.19,2024-02-28,Unknown,Israel,86
Treasury Prime,SF Bay Area,Finance,40.00,0.4,2024-02-28,Series C,United States,71
Motional,Boston,Transportation,,0.05,2024-02-28,Unknown,United States,
Fisker,Los Angeles,Transportation,,0.15,2024-02-29,Post-IPO,United States,1700
Kevin,Vilnius,Finance,,0.14,2024-02-29,Series A,Lithuania,79
Project Ronin,SF Bay Area,Healthcare,150.00,1,2024-03-01,Unknown,United States,
Pristyn Care,Gurugram,Healthcare,120.00,0.07,2024-03-01,Series E,India,177
Gro Intelligence,New York City,Food,90.00,0.6,2024-03-01,Series B,United States,118
Tonik,Singapore,Finance,,,2024-03-01,Series B,Singapore,175
Edgio,Phoenix,Infrastructure,80.00,0.1,2024-03-04,Post-IPO,United States,462
Melio,New York City,Finance,40.00,0.07,2024-03-04,Series D,United States,504
Our Next Energy,Detroit,Transportation,40.00,0.13,2024-03-04,Series B,United States,390
MessageBird,Amsterdam,Other,90.00,0.2,2024-03-05,Series C,Netherlands,1100
Form Energy,Boston,Energy,,,2024-03-05,Unknown,United States,966
Verbit,New York City,Data,,,2024-03-05,Series E,United States,569
Sorare,New York City,Crypto,22.00,0.13,2024-03-06,Series B,United States,739
Meta,SF Bay Area,Consumer,,,2024-03-06,Post-IPO,United States,26000
PlanetScale,SF Bay Area,Data,,,2024-03-06,Series C,United States,105
Turnitin,SF Bay Area,Education,15.00,0.02,2024-03-07,Acquired,United States,
Totango,SF Bay Area,Support,,,2024-03-07,Acquired,United States,147
Niche,Pittsburgh,Education,24.00,0.07,2024-03-08,Series C,United States,44
Inscribe,SF Bay Area,Finance,,0.4,2024-03-08,Series B,United States,39
Deadspin,New York City,Media,11.00,1,2024-03-11,Acquired,United States,
Phantom Auto,SF Bay Area,Transportation,100.00,1,2024-03-12,Unknown,United States,86
IBM,New York City,Hardware,,,2024-03-12,Post-IPO,United States,
Stash,New York City,Finance,80.00,0.25,2024-03-13,Unknown,United States,480
Ancestry,Lehi,Consumer,81.00,0.06,2024-03-14,Post-IPO,United States,33
Textio,Seattle,Recruiting,14.00,0.16,2024-03-14,Unknown,United States,42
Chipper Cash,SF Bay Area,Finance,20.00,,2024-03-15,Series C,United States,302
Blueboard,SF Bay Area,HR,,1,2024-03-15,Series A,United States,16
Flock Freight,San Diego,Logistics,54.00,,2024-03-16,Series D,United States,399
Longi,Xi'an,Energy,,0.05,2024-03-18,Unknown,China,
ShopBack,Singapore,Retail,195.00,0.24,2024-03-19,Series F,Singapore,355
Orbotech,Yavne,Manufacturing,100.00,,2024-03-19,Acquired,Israel,
Airmeet,Bengaluru,Marketing,,0.2,2024-03-19,Series B,India,50
Singular Genomics,San Diego,Healthcare,,0.2,2024-03-19,Post-IPO,United States,176
Cybereason,Boston,Security,,,2024-03-20,Series F,United States,750
Verily,SF Bay Area,Healthcare,,,2024-03-22,Subsidiary,United States,3500
Dell,Austin,Hardware,6000.00,0.05,2024-03-25,Post-IPO,United States,
Synctera,SF Bay Area,Finance,17.00,0.15,2024-03-26,Series A,United States,79
GoPro,SF Bay Area,Consumer,,0.04,2024-03-26,Post-IPO,United States,288
ChowNow,Los Angeles,Food,60.00,0.2,2024-03-28,Series C,United States,64
Osso VR,SF Bay Area,Healthcare,67.00,,2024-04-01,Series C,United States,109
Identiq,Tel Aviv,Security,20.00,0.44,2024-04-01,Series A,Israel,52
Ranger Insurance,New York City,Finance,,1,2024-04-01,Seed,United States,5
Rezi,New York City,Real Estate,,1,2024-04-01,Series B,United States,230
Byju's,Bengaluru,Education,500.00,0.03,2024-04-02,Private Equity,India,5500
Lentra,Pune,Finance,,,2024-04-02,Series B,India,104
Thepeer,Lagos,Finance,,1,2024-04-02,Seed,Nigeria,2
Lightspeed Commerce,Montreal,Retail,280.00,,2024-04-03,Post-IPO,Canada,1200
Ghost Autonomy,SF Bay Area,Transportation,100.00,1,2024-04-03,Series E,United States,247
Vivian Health,SF Bay Area,Healthcare,13.00,,2024-04-03,Acquired,United States,60
Amazon,Seattle,Retail,,,2024-04-03,Post-IPO,United States,108
CoRover,Bengaluru,AI,,,2024-04-03,Unknown,India,
Kaseya,Miami,Security,,,2024-04-03,Unknown,United States,547
New Relic,SF Bay Area,Infrastructure,,,2024-04-03,Acquired,United States,214
Yummly,SF Bay Area,Food,,1,2024-04-03,Acquired,United States,24
Apple,SF Bay Area,Hardware,614.00,,2024-04-04,Post-IPO,United States,1200
Agility Robotics,Portland,Other,,,2024-04-04,Series B,United States,179
Bolt.Earth,Bengaluru,Energy,70.00,0.4,2024-04-06,Series B,India,24
Fission,Vancouver,Other,,1,2024-04-07,Unknown,Canada,
Trendsales,Copenhagen,Retail,79.00,1,2024-04-08,Acquired,Denmark,
Singularity 6,Los Angeles,Other,49.00,0.35,2024-04-08,Series B,United States,49
Checkr,SF Bay Area,HR,382.00,0.32,2024-04-09,Series D,United States,679
Intel,SF Bay Area,Hardware,62.00,,2024-04-09,Post-IPO,United States,12
Cornershop,Santiago,Food,200.00,,2024-04-10,Acquired,Chile,32
Scaler,Bengaluru,Education,150.00,,2024-04-10,Series B,India,55
TikTok,Dublin,Consumer,250.00,,2024-04-11,Acquired,Ireland,
Fabric,New York City,Logistics,30.00,0.15,2024-04-11,Series C,United States,336
Hinge Health,SF Bay Area,Healthcare,,0.1,2024-04-11,Series E,United States,826
Zoe,London,Healthcare,,0.2,2024-04-11,Series B,United Kingdom,89
Criteo,Paris,Marketing,140.00,0.04,2024-04-12,Post-IPO,France,61
Glovo,Barcelona,Food,25.00,,2024-04-12,Acquired,Spain,1200
Tesla,Austin,Transportation,14000.00,0.1,2024-04-15,Post-IPO,United States,20200
Take-Two,New York City,Consumer,579.00,0.05,2024-04-16,Post-IPO,United States,4100
Tome,SF Bay Area,AI,12.00,0.25,2024-04-16,Series B,United States,75
ConnectWise,Tampa Bay,Other,,,2024-04-17,Acquired,United States,1
Google,SF Bay Area,Consumer,,,2024-04-17,Post-IPO,United States,26
Rivian,Detroit,Transportation,,0.01,2024-04-17,Post-IPO,United States,10700
The Good Glamm Group,New Delhi,Retail,150.00,0.15,2024-04-18,Unknown,India,180
Showpad,Ghent,Marketing,50.00,0.1,2024-04-18,Series D,Belgium,159
Stability AI,London,AI,20.00,,2024-04-18,Unknown,United Kingdom,174
Pax8,Denver,Infrastructure,,0.05,2024-04-18,Unknown,United States,400
OutSystems,Boston,Product,150.00,0.08,2024-04-19,Series G,United States,802
Homie,Salt Lake City,Real Estate,,,2024-04-19,Series B,United States,35
Freenome,SF Bay Area,Healthcare,100.00,0.2,2024-04-23,Series E,United States,1400
Heureka Group,Prague,Retail,100.00,0.16,2024-04-23,Acquired,Czech Republic,
98point6,Seattle,Healthcare,,,2024-04-23,Acquired,United States,299
Expedia,Austin,Travel,,,2024-04-24,Post-IPO,United States,3300
True Anomaly,Denver,Aerospace,30.00,0.25,2024-04-25,Series B,United States,158
Grin,Sacramento,Marketing,,,2024-04-25,Series B,United States,145
HealthifyMe,Bengaluru,Healthcare,150.00,0.27,2024-04-27,Series D,India,130
Getir,London,Food,3300.00,,2024-04-29,Series E,United Kingdom,1800
Ola,Bengaluru,Transportation,180.00,0.1,2024-04-29,Series J,India,5000
Ninja Van,Singapore,Transportation,21.00,0.1,2024-04-29,Series E,Singapore,974
ComplYant,Los Angeles,Finance,,1,2024-04-29,Seed,United States,6
Fisker,Los Angeles,Transportation,,,2024-04-29,Post-IPO,United States,1700
Tesla,Austin,Transportation,500.00,,2024-04-30,Post-IPO,United States,20200
RiseUp,Tel Aviv,Finance,50.00,0.5,2024-04-30,Series B,Israel,30
Akili Interactive,Boston,Healthcare,,0.46,2024-04-30,Post-IPO,United States,271
Google,SF Bay Area,Consumer,,,2024-04-30,Post-IPO,United States,26
Google,SF Bay Area,Consumer,200.00,,2024-05-01,Post-IPO,United States,26
Assurance,Seattle,Finance,112.00,1,2024-05-01,Acquired,United States,
Sproutt,Hartford,Finance,,1,2024-05-01,Series B,United States,38
Peloton,New York City,Fitness,400.00,0.15,2024-05-02,Post-IPO,United States,1900
Cabify,Madrid,Transportation,29.00,,2024-05-02,Unknown,Spain,601
Cue Health,San Diego,Healthcare,230.00,0.49,2024-05-03,Post-IPO,United States,899
Rivian,Los Angeles,Transportation,150.00,,2024-05-03,Post-IPO,United States,10700
Luminar,Orlando,Transportation,140.00,0.2,2024-05-03,Post-IPO,United States,780
Sprinklr,New York City,Support,116.00,0.03,2024-05-03,Post-IPO,United States,429
Bakkt,Atlanta,Crypto,28.00,,2024-05-03,Post-IPO,United States,932
Enovix,SF Bay Area,Energy,170.00,0.33,2024-05-06,Post-IPO,United States,516
Hopin,London,Other,,,2024-05-07,Series D,United Kingdom,1000
PrepLadder,New Delhi,Education,145.00,0.25,2024-05-08,Acquired,India,
Simpl,Bengaluru,Finance,100.00,0.15,2024-05-08,Series B,India,72
Arkane Studios,Austin,Consumer,96.00,1,2024-05-08,Unknown,United States,
Brilliant,SF Bay Area,Hardware,,1,2024-05-08,Series B,United States,64
Kinaxis,Ottawa,Other,,0.06,2024-05-08,Post-IPO,Canada,79
Vacasa,Portland,Travel,800.00,0.13,2024-05-09,Post-IPO,United States,834
Sight Diagnostics,Tel Aviv,Healthcare,40.00,0.3,2024-05-09,Series D,Israel,124
Motional,Pittsburgh,Transportation,550.00,0.4,2024-05-10,Unknown,United States,
Rivian,Los Angeles,Transportation,120.00,,2024-05-10,Post-IPO,United States,10700
Google,SF Bay Area,Consumer,57.00,,2024-05-10,Post-IPO,United States,26
Symend,Calgary,Other,,,2024-05-10,Series C,Canada,148
Indeed,Austin,HR,1000.00,0.08,2024-05-13,Acquired,United States,5
Mainvest,Boston,Finance,,1,2024-05-14,Unknown,United States,3
Atmosphere,Austin,Other,100.00,,2024-05-15,Series D,United States,214
Singularity 6,Los Angeles,Other,36.00,,2024-05-15,Series B,United States,49
Toshiba,Tokyo,Manufacturing,4000.00,,2024-05-16,Unknown,Japan,
Wefox,Berlin,Finance,60.00,,2024-05-16,Series D,Germany,1300
Replit,SF Bay Area,Product,30.00,0.2,2024-05-16,Unknown,United States,222
Gopuff,Philadelphia,Food,,0.06,2024-05-16,Series H,United States,3400
Karhoo,London,Transportation,,1,2024-05-16,Acquired,United Kingdom,39
SeekOut,Seattle,Recruiting,,0.3,2024-05-16,Series C,United States,
Joonko,New York City,HR,,1,2024-05-19,Series B,United States,38
TikTok,Los Angeles,Consumer,1000.00,,2024-05-21,Acquired,United States,
Guild,Denver,Education,300.00,0.25,2024-05-22,Series F,United States,643
Cue Health,San Diego,Healthcare,180.00,1,2024-05-22,Post-IPO,United States,899
Silo,SF Bay Area,Food,,0.3,2024-05-22,Series C,United States,272
Foursquare,New York City,Marketing,105.00,0.25,2024-05-23,Series G,United States,390
Lucid Motors,SF Bay Area,Transportation,400.00,0.06,2024-05-24,Post-IPO,United States,8300
Satellogic,Montevideo,Aerospace,34.00,0.13,2024-05-24,Post-IPO,Uruguay,424
Glovo,Madrid,Food,22.00,,2024-05-25,Acquired,Spain,1200
Walnut,New York City,Sales,15.00,0.2,2024-05-29,Series B,United States,56
Fisker,Los Angeles,Transportation,,,2024-05-29,Post-IPO,United States,1700
Funding Circle,London,Finance,,,2024-05-29,Post-IPO,United Kingdom,746
FlightStats,Portland,Travel,73.00,,2024-05-30,Acquired,United States,3
ICANN,Los Angeles,Infrastructure,33.00,0.07,2024-05-30,Unknown,United States,
Google,SF Bay Area,Consumer,100.00,,2024-05-31,Post-IPO,United States,26
Tropic,New York City,Finance,40.00,,2024-05-31,Series B,United States,67
Gro Intelligence,New York City,Food,,0.1,2024-05-31,Series B,United States,118
Jasper Health,Boise,Healthcare,,,2024-05-31,Series A,United States,32
Microsoft,Seattle,Other,1000.00,,2024-06-03,Post-IPO,United States,1
OrCam,Jerusalem,Healthcare,100.00,0.5,2024-06-03,Unknown,Israel,86
Oda,Oslo,Food,150.00,,2024-06-05,Unknown,Norway,691
Pagaya,Tel Aviv,Finance,100.00,0.2,2024-06-05,Post-IPO,Israel,2000
Aleph Farms,Tel Aviv,Food,30.00,0.3,2024-06-05,Unknown,Israel,119
MoonPay,Dover,Crypto,30.00,0.1,2024-06-05,Unknown,United States,651
Yext,New York City,Marketing,,0.12,2024-06-05,Post-IPO,United States,117
Copia,Nairobi,Retail,1060.00,,2024-06-06,Series C,Kenya,103
Revel,New York City,Transportation,1000.00,,2024-06-06,Unknown,United States,214
Simpl,Bengaluru,Finance,30.00,,2024-06-06,Series B,India,72
Paytm,Noida,Finance,3500.00,,2024-06-10,Subsidiary,India,
Kissflow,Chennai,Other,45.00,0.11,2024-06-10,Unknown,India,1
Ladenzeile,Berlin,Retail,,1,2024-06-11,Subsidiary,Germany,
Bytedance,Jakarta,Consumer,450.00,,2024-06-12,Unknown,Indonesia,9400
Paxos,New York City,Crypto,65.00,0.2,2024-06-12,Unknown,United States,543
SCiFi Foods,SF Bay Area,Food,,1,2024-06-12,Series A,United States,39
VRChat,SF Bay Area,Consumer,,0.3,2024-06-12,Series D,United States,95
Medtronic,SF Bay Area,Healthcare,,,2024-06-13,Post-IPO,United States,5900
Satellogic,Montevideo,Aerospace,70.00,0.3,2024-06-14,Post-IPO,Uruguay,424
Cypress.io,Atlanta,Product,11.00,,2024-06-14,Series B,United States,54
Care/of,New York City,Healthcare,143.00,1,2024-06-15,Acquired,United States,83
Running Tide,Portland,Energy,,1,2024-06-15,Series B,United States,54
LOOP,Austin,Finance,23.00,0.77,2024-06-16,Series A,United States,34
Chegg,SF Bay Area,Education,441.00,0.23,2024-06-17,Post-IPO,United States,227
Stackpath,Dallas,Infrastructure,,1,2024-06-17,Series B,United States,396
Unit,New York City,Finance,,0.15,2024-06-17,Series C,United States,170
Wex,Portland,Finance,375.00,0.05,2024-06-18,Post-IPO,United States,400
PayPal,SF Bay Area,Finance,85.00,,2024-06-18,Post-IPO,Ireland,216
Rapyd,Tel Aviv,Finance,30.00,,2024-06-18,Unknown,Israel,770
C2FO,Kansas City,Finance,16.00,,2024-06-18,Series H,United States,537
Fisker,Los Angeles,Transportation,,1,2024-06-18,Post-IPO,United States,1700
Emma Sleep,Frankfurt,Retail,200.00,0.18,2024-06-19,Acquired,Germany,
Moovit,Tel Aviv,Transportation,20.00,0.1,2024-06-19,Acquired,Israel,131
Ginkgo Bioworks,Boston,Healthcare,400.00,0.35,2024-06-20,Post-IPO,United States,1600
Bluevine,Tel Aviv,Finance,,,2024-06-20,Unknown,Israel,769
ReshaMandi,Bengaluru,Food,,0.8,2024-06-20,Unknown,India,54
Trade Republic,Berlin,Finance,,,2024-06-23,Unknown,Germany,1300
Flutterwave,SF Bay Area,Finance,30.00,0.03,2024-06-24,Unknown,United States,509
Ginkgo Bioworks,Boston,Healthcare,,,2024-06-24,Post-IPO,United States,1600
Perion,Tel Aviv,Marketing,35.00,0.05,2024-06-25,Post-IPO,Israel,76
BeReal,Paris,Consumer,,,2024-06-25,Acquired,France,
Planet,SF Bay Area,Aerospace,180.00,0.17,2024-06-26,Post-IPO,United States,574
Moxion Power,SF Bay Area,Energy,101.00,,2024-06-26,Unknown,United States,124
eBay,Tel Aviv,Retail,,,2024-06-26,Post-IPO,Israel,1200
RealPage,Dallas,Real Estate,260.00,0.04,2024-06-27,Acquired,United States,105
Priceline,Norwalk,Travel,103.00,0.07,2024-06-28,Acquired,United States,77
Lightricks,Jerusalem,Consumer,70.00,0.12,2024-07-01,Series D,Israel,335
Upside Foods,SF Bay Area,Food,26.00,,2024-07-01,Unknown,United States,598
Sightful,Tel Aviv,Hardware,20.00,0.33,2024-07-01,Unknown,Israel,61
Cint,Stockholm,Data,,,2024-07-01,Post-IPO,Sweden,17
Ninja Van,Singapore,Transportation,,0.05,2024-07-01,Series E,Singapore,974
Unacademy,Bengaluru,Education,250.00,,2024-07-02,Series H,India,838
Koo,Bengaluru,Consumer,,1,2024-07-02,Unknown,India,51
UKG,Boston,HR,2200.00,0.14,2024-07-03,Unknown,United States,
OpenText,Waterloo,Data,1200.00,0.02,2024-07-03,Post-IPO,Canada,1100
Microsoft,Seattle,Other,,,2024-07-03,Post-IPO,United States,1
UIPath,New York City,Other,420.00,0.1,2024-07-09,Post-IPO,United States,2000
Intuit,SF Bay Area,Finance,1800.00,0.1,2024-07-10,Post-IPO,United States,18
Redbox,Chicago,Media,1000.00,1,2024-07-10,Acquired,United States,51
CyberProof,Los Angeles,Security,,0.07,2024-07-10,Subsidiary,United States,
MoxiWorks,Seattle,Real Estate,,,2024-07-11,Private Equity,United States,
SadaPay,Islamabad,Finance,,0.3,2024-07-12,Acquired,Pakistan,20
SolarEdge,Tel Aviv,Energy,400.00,,2024-07-15,Post-IPO,Israel,155
Salesforce,SF Bay Area,Sales,300.00,,2024-07-15,Post-IPO,United States,65
Spotify,Stockholm,Media,40.00,,2024-07-15,Post-IPO,Sweden,2100
ON,SF Bay Area,Retail,60.00,1,2024-07-16,Unknown,United States,81
Kaspersky,Boston,Security,,,2024-07-16,Private Equity,United States,
Unbounce,Vancouver,Marketing,,,2024-07-16,Acquired,Canada,39
Aqua Security,Boston,Security,50.00,0.1,2024-07-17,Series E,United States,325
EverC,Tel Aviv,Security,16.00,0.1,2024-07-17,Unknown,Israel,61
Lex,New York City,Consumer,,,2024-07-17,Seed,United States,7
Magic Leap,Miami,Consumer,75.00,,2024-07-19,Series E,United States,4100
Mercari U.S.,SF Bay Area,Retail,,0.5,2024-07-19,Subsidiary,United States,
Bluelearn,Bengaluru,Education,,1,2024-07-22,Seed,India,4
Humble Games,SF Bay Area,Media,36.00,1,2024-07-23,Acquired,United States,4
Cohere,Toronto,AI,20.00,0.05,2024-07-23,Series D,Canada,935
Webflow,SF Bay Area,Marketing,,0.08,2024-07-25,Series C,United States,335
WayCool,Chennai,Food,200.00,,2024-07-26,Unknown,India,363
Pocket FM,Bengaluru,Media,200.00,,2024-07-27,Series D,India,212
OrCam,Jerusalem,Healthcare,,,2024-07-28,Unknown,Israel,86
Moxion Power,SF Bay Area,Energy,248.00,1,2024-07-29,Unknown,United States,124
NerdWallet,SF Bay Area,Finance,,0.15,2024-07-30,Post-IPO,United States,105
Bungie,Seattle,Consumer,220.00,0.17,2024-07-31,Acquired,United States,100
Delivery Hero,Berlin,Food,200.00,,2024-07-31,Post-IPO,Germany,9900
Match Group,New York City,Consumer,,0.06,2024-07-31,Post-IPO,United States,
Intel,SF Bay Area,Hardware,15000.00,0.15,2024-08-01,Post-IPO,United States,12
Avaya,Durham,Other,180.00,0.03,2024-08-01,Post-IPO,United States,700
Rad Power Bikes,Seattle,Transportation,,,2024-08-01,Series D,United States,329
ShareChat,Bengaluru,Marketing,30.00,0.05,2024-08-03,Series D,India,222
Infineon,Munich,Manufacturing,1400.00,,2024-08-05,Post-IPO,Germany,1500
Jam City,Los Angeles,Consumer,85.00,0.1,2024-08-05,Unknown,United States,652
Dell,Austin,Hardware,,,2024-08-05,Post-IPO,United States,
Axios Media,Washington D.C.,Media,50.00,0.1,2024-08-06,Acquired,United States,57
Mobius Motors,Nairobi,Transportation,,1,2024-08-06,Unknown,Kenya,6
Teradata,San Diego,Data,,0.13,2024-08-06,Post-IPO,United States,
Eventbrite,SF Bay Area,Consumer,100.00,0.11,2024-08-07,Post-IPO,United States,557
LegalZoom,Los Angeles,Legal,,0.15,2024-08-07,Post-IPO,United States,952
Submittable,Missoula,Other,40.00,,2024-08-08,Unknown,United States,115
Fastly,SF Bay Area,Infrastructure,,0.11,2024-08-08,Post-IPO,United States,219
Cisco,SF Bay Area,Infrastructure,5600.00,0.07,2024-08-09,Post-IPO,United States,2
Branch.io,SF Bay Area,Marketing,100.00,,2024-08-09,Series F,United States,667
iCIMS,Holmdel,Recruiting,69.00,,2024-08-09,Acquired,United States,93
Ready Robotics,Columbus,Manufacturing,,,2024-08-09,Unknown,United States,41
Tally,SF Bay Area,Finance,,1,2024-08-12,Series C,United States,172
Grail,SF Bay Area,Healthcare,350.00,,2024-08-13,Post-IPO,United States,
DayTwo,SF Bay Area,Healthcare,,1,2024-08-13,Series B,United States,90
Quizac,Lagos,Education,,1,2024-08-13,Acquired,Nigeria,
Sonos,Santa Barbara,Consumer,100.00,0.06,2024-08-14,Post-IPO,United States,455.2
AppLovin,SF Bay Area,Marketing,61.00,,2024-08-15,Post-IPO,United States,1600
Inuitive,Ra'anana,Manufacturing,16.00,0.2,2024-08-15,Unknown,Israel,23
Formlabs,Boston,Hardware,,,2024-08-15,Series E,United States,254
Mister Spex,Berlin,Retail,,0.1,2024-08-15,Post-IPO,Germany,158
PacketFabric,Los Angeles,Infrastructure,,,2024-08-15,Unknown,United States,110
Sampler,Toronto,Retail,,1,2024-08-15,Series B,Canada,10
Paper,Montreal,Education,81.00,0.45,2024-08-16,Series D,Canada,389
Retention.com,Austin,Marketing,15.00,,2024-08-16,Unknown,United States,
Loop,Columbus,Retail,,,2024-08-16,Series B,United States,125
Regrow Ag,Durham,Food,,0.19,2024-08-16,Series B,United States,64
GoPro,SF Bay Area,Consumer,139.00,0.15,2024-08-19,Post-IPO,United States,288
Localize,New York City,Real Estate,,,2024-08-19,Series A,United States,40
Skip the Dishes,Winnipeg,Food,800.00,,2024-08-20,Acquired,Canada,8
Five9,SF Bay Area,Support,190.00,0.07,2024-08-20,Post-IPO,United States,862
ReshaMandi,Bengaluru,Food,,1,2024-08-20,Unknown,India,54
Kaiyo,New York City,Retail,,1,2024-08-21,Series B,United States,43
Redfin,Seattle,Real Estate,82.00,0.02,2024-08-22,Post-IPO,United States,320
Kenko Health,Mumbai,Healthcare,,1,2024-08-23,Series A,India,14
Received,New York City,Finance,,1,2024-08-23,Unknown,United States,
Sandvine,Waterloo,Infrastructure,,,2024-08-23,Acquired,Canada,63
IBM,Beijing,Hardware,1000.00,,2024-08-26,Post-IPO,China,
Tome Biosciences,Boston,Healthcare,131.00,1,2024-08-26,Series A,United States,213
Velo3D,SF Bay Area,Manufacturing,42.00,,2024-08-26,Post-IPO,United States,305
Apple,SF Bay Area,Hardware,100.00,,2024-08-27,Post-IPO,United States,1200
Brave,SF Bay Area,Consumer,27.00,0.14,2024-08-28,Series B,United States,42
Character.ai,SF Bay Area,AI,6.00,0.05,2024-08-29,Series A,United States,150
Dunzo,Bengaluru,Food,150.00,0.75,2024-08-31,Unknown,India,458
Dozee,Bengaluru,Healthcare,40.00,,2024-09-02,Series A,India,26
ABL,Los Angeles,Aerospace,,,2024-09-03,Unknown,United States,479
Matter Labs,Berlin,Crypto,,0.16,2024-09-03,Unknown,Germany,380
ChargePoint,SF Bay Area,Manufacturing,250.00,0.15,2024-09-04,Unknown,United States,1400
Fly.io,Chicago,Infrastructure,40.00,,2024-09-04,Series C,United States,110
Lyft,SF Bay Area,Transportation,30.00,0.01,2024-09-04,Post-IPO,United States,4900
Goop,Los Angeles,Retail,39.00,0.18,2024-09-06,Unknown,United States,75
Motif Foodworks,Boston,Food,,1,2024-09-06,Unknown,United States,343
Center,Seattle,Finance,8.00,0.04,2024-09-07,Series C,United States,102
WeTransfer,Amsterdam,Other,260.00,0.75,2024-09-08,Acquired,Netherlands,64
Mobileye,Jerusalem,Transportation,100.00,,2024-09-09,Post-IPO,Israel,2100
InsurStaq.ai,New Delhi,AI,,1,2024-09-09,Seed,India,
Nori,Seattle,Energy,,1,2024-09-09,Unknown,United States,19
Udemy,SF Bay Area,Education,280.00,,2024-09-11,Post-IPO,United States,311
Microsoft,Seattle,Other,650.00,,2024-09-12,Post-IPO,United States,1
Amperity,Seattle,Marketing,,0.13,2024-09-12,Series D,United States,187
Runtastic,Linz,Fitness,170.00,,2024-09-16,Acquired,Austria,
Spendesk,Paris,Finance,151.00,,2024-09-18,Series C,France,
Aakash,New Delhi,Education,80.00,,2024-09-18,Acquired,India,
IBM,New York City,Hardware,,,2024-09-18,Post-IPO,United States,
CarTrawler,Dublin,Transportation,40.00,0.1,2024-09-19,Acquired,Ireland,
ApplyBoard,Waterloo,Education,,0.04,2024-09-19,Series D,Canada,483
Reverb,Chicago,Retail,40.00,,2024-09-20,Acquired,United States,47
Luminar,Orlando,Transportation,,0.15,2024-09-20,Post-IPO,United States,780
Notable Labs,SF Bay Area,Healthcare,,0.65,2024-09-20,Series B,United States,
Healthy.io,Tel Aviv,Healthcare,40.00,0.3,2024-09-22,Series D,United States,185
Northvolt,Stockholm,Energy,1600.00,0.2,2024-09-23,Unknown,Sweden,13800
Olo,New York City,Food,,0.09,2024-09-23,Post-IPO,United States,184
FreightWaves,Chattanooga,Logistics,16.00,,2024-09-24,Private Equity,United States,92
F5,Seattle,Security,,,2024-09-24,Post-IPO,United States,
Moov,Cedar Falls,Finance,50.00,,2024-09-25,Series B,United States,77
Drata,San Diego,Security,40.00,0.09,2024-09-26,Series C,United States,328
Shein,Singapore,Retail,17.00,,2024-09-30,Private Equity,Singapore,4100
DoubleCloud,Dubai,Infrastructure,,1,2024-09-30,Unknown,UAE,
Greenikk,Trivandrum,Food,,1,2024-09-30,Seed,India,1
ABBYY,Nicosia,Data,200.00,,2024-10-01,Unknown,Cyprus,6
FreshBooks,Toronto,Finance,140.00,,2024-10-01,Unknown,Canada,331
Tome,SF Bay Area,Sales,12.00,0.31,2024-10-02,Series B,United States,75
Alma,New York City,Healthcare,,0.09,2024-10-02,Series D,United States,220
Flexport,SF Bay Area,Logistics,,0.02,2024-10-02,Series E,United States,2400
Eaze,SF Bay Area,Consumer,500.00,1,2024-10-07,Series D,United States,202
PubMatic,SF Bay Area,Marketing,12.00,0.01,2024-10-07,Post-IPO,United States,63
Zapata Computing,Boston,Other,,1,2024-10-07,Post-IPO,United States,82
BeepKart,Bengaluru,Retail,130.00,0.4,2024-10-08,Series A,India,19
Zapp,London,Food,,0.9,2024-10-08,Series B,United Kingdom,300
Grabango,SF Bay Area,Food,,1,2024-10-09,Unknown,United States,94
CareerBuilder + Monster,Chicago,Recruiting,200.00,0.15,2024-10-10,Acquired,United States,
GoWild,Louisville,Retail,,1,2024-10-10,Seed,United States,8
Toptal,SF Bay Area,Recruiting,,,2024-10-10,Unknown,United States,
Bytedance,Jakarta,Consumer,500.00,,2024-10-11,Unknown,Indonesia,9400
Nikola,Phoenix,Transportation,130.00,0.15,2024-10-11,Post-IPO,United States,3300
Toplyne,Bengaluru,Sales,,1,2024-10-11,Series A,India,17
Gigamon,SF Bay Area,Data,69.00,,2024-10-15,Acquired,United States,23
Fable,New York City,Product,,1,2024-10-15,Series A,United States,19
Meta,SF Bay Area,Consumer,,,2024-10-16,Post-IPO,United States,26000
CapWay,Atlanta,Finance,,1,2024-10-17,Unknown,United States,
Chief,New York City,HR,,,2024-10-20,Series B,United States,140
Venminder,Louisville,Security,100.00,,2024-10-21,Acquired,United States,49
Jellysmack,New York City,Media,22.00,,2024-10-21,Series C,France,22
Catena Media,Sliema,Marketing,29.00,,2024-10-23,Unknown,Malta,
Upwork,SF Bay Area,Other,,0.21,2024-10-23,Post-IPO,United States,168
Airthings,Oslo,Hardware,,,2024-10-24,Unknown,Norway,
Coursera,SF Bay Area,Education,150.00,0.1,2024-10-25,Post-IPO,United States,458
Kyte,SF Bay Area,Transportation,,0.4,2024-10-25,Unknown,United States,548
Twelve,SF Bay Area,Energy,,,2024-10-25,Unknown,United States,844
ConsenSys,New York City,Crypto,163.00,0.2,2024-10-29,Series D,United States,726
F5,Seattle,Security,100.00,0.02,2024-10-29,Post-IPO,United States,
Docker,SF Bay Area,Infrastructure,,0.1,2024-10-29,Series C,United States,436
dYdX,SF Bay Area,Crypto,,0.35,2024-10-29,Series C,United States,87
Dropbox,SF Bay Area,Other,527.00,0.2,2024-10-30,Post-IPO,United States,1700
Kraken,SF Bay Area,Crypto,400.00,0.15,2024-10-30,Unknown,United States,134
Miro,SF Bay Area,Other,275.00,0.18,2024-10-30,Series C,United States,476
Tidal,New York City,Consumer,,,2024-10-31,Acquired,United States,
Maven Clinic,New York City,Healthcare,60.00,0.1,2024-11-01,Series F,United States,417
Bowery Farming,New York City,Food,,1,2024-11-01,Unknown,United States,626
Atera,Tel Aviv,Other,20.00,0.06,2024-11-03,Series B,Israel,102
Incredibuild,Tel Aviv,Product,18.00,0.11,2024-11-04,Acquired,Israel,35
Mozilla Foundation,SF Bay Area,Consumer,,0.3,2024-11-05,Subsidiary,United States,2.3
iRobot,Boston,Consumer,105.00,0.16,2024-11-06,Post-IPO,United States,30
Outreach,Seattle,Sales,67.00,0.09,2024-11-06,Series G,United States,489
Avaya,Durham,Other,,,2024-11-06,Post-IPO,United States,700
Freshworks,SF Bay Area,Support,660.00,0.13,2024-11-07,Post-IPO,United States,484
Just Eat,Amsterdam,Food,300.00,0.02,2024-11-07,Acquired,Netherlands,129
Opendoor,SF Bay Area,Real Estate,300.00,0.17,2024-11-07,Post-IPO,United States,1900
Akamai,Boston,Security,250.00,0.02,2024-11-07,Post-IPO,United States,35
ShareFile,Raleigh,Other,199.00,,2024-11-07,Acquired,United States,
Personio,Munich,HR,115.00,0.06,2024-11-07,Series E,Germany,724
Monarch Tractor,SF Bay Area,Other,35.00,0.1,2024-11-08,Unknown,United States,214
BigCommerce,Austin,Retail,,,2024-11-08,Post-IPO,United States,224
Booking.com,Grand Rapids,Travel,,,2024-11-08,Acquired,United States,
Exosonic,Los Angeles,Aerospace,,1,2024-11-08,Seed,United States,4
Enphase Energy,SF Bay Area,Energy,500.00,0.17,2024-11-11,Post-IPO,United States,116
23andMe,SF Bay Area,Healthcare,200.00,0.4,2024-11-11,Post-IPO,United States,1100
Sword Health,New York City,Healthcare,13.00,,2024-11-11,Unknown,United States,450
Chegg,SF Bay Area,Education,319.00,0.21,2024-11-12,Post-IPO,United States,227
Forward,SF Bay Area,Healthcare,200.00,1,2024-11-12,Series E,United States,325
Lyra Health,SF Bay Area,Healthcare,77.00,0.02,2024-11-12,Series F,United States,910
New Relic,SF Bay Area,Infrastructure,,,2024-11-12,Acquired,United States,214
Stoa,Bengaluru,Education,,1,2024-11-12,Seed,India,
AMD,SF Bay Area,Hardware,1000.00,0.04,2024-11-13,Post-IPO,United States,
AppLovin,SF Bay Area,Marketing,120.00,,2024-11-13,Post-IPO,United States,1600
Kuku FM,Mumbai,Media,80.00,,2024-11-14,Series C,India,71
TrueLayer,London,Finance,71.00,0.25,2024-11-15,Series E,United Kingdom,321
Own,New York City,Data,,,2024-11-19,Acquired,United States,507
Headspace,Los Angeles,Healthcare,,0.13,2024-11-20,Unknown,United States,216
LinkedIn,SF Bay Area,Recruiting,202.00,0.01,2024-11-21,Acquired,United States,154
Ola Electric,Bengaluru,Transportation,500.00,,2024-11-22,Post-IPO,India,1700
Adjust,Berlin,Marketing,304.00,,2024-11-22,Acquired,Germany,256
Hopper,Montreal,Travel,,,2024-11-22,Unknown,Canada,730
Sprout Social,Chicago,Marketing,,,2024-11-25,Post-IPO,United States,111
SolarEdge,Tel Aviv,Energy,500.00,0.12,2024-11-27,Post-IPO,Israel,155
AlphaSense,New York City,Other,150.00,0.08,2024-11-27,Series F,United States,1400
Klub,Bengaluru,Finance,60.00,,2024-11-29,Unknown,India,35
Kobo360,Lagos,Logistics,30.00,,2024-11-30,Series B,Nigeria,85
Lightspeed Commerce,Montreal,Retail,200.00,,2024-12-02,Post-IPO,Canada,1200
Skai,Tel Aviv,Marketing,80.00,0.14,2024-12-03,Series E,Israel,60
Stash,New York City,Finance,88.00,0.4,2024-12-04,Unknown,United States,480
Booking Holdings,Norwalk,Travel,60.00,,2024-12-04,Post-IPO,United States,2800
2U,Washington D.C.,Education,,,2024-12-04,Post-IPO,United States,426
Circle,Boston,Crypto,50.00,0.06,2024-12-05,Private Equity,United States,1100
Vox Media,Washington D.C.,Media,,,2024-12-05,Series F,United States,307
Carousell,Singapore,Retail,76.00,0.07,2024-12-06,Unknown,Singapore,375
Mixtroz,Birmingham,Other,,1,2024-12-06,Seed,United States,2
EasyKnock,New York City,Real Estate,,1,2024-12-09,Series D,United States,440
Bluevine,Tel Aviv,Finance,100.00,0.18,2024-12-10,Unknown,Israel,769
Spectrm,Berlin,Marketing,,,2024-12-10,Series B,Germany,11
Foundry,Rochester,Crypto,74.00,0.27,2024-12-11,Subsidiary,United States,
Calendly,Atlanta,Other,70.00,0.13,2024-12-11,Series B,United States,351
Canoo,Los Angeles,Transportation,20.00,,2024-12-11,Post-IPO,United States,300
OfferUp,Seattle,Retail,,0.22,2024-12-11,Unknown,United States,381
Spotter,Los Angeles,Other,,,2024-12-11,Unknown,United States,238
Cint,Stockholm,Data,,0.12,2024-12-12,Post-IPO,Sweden,17
Yahoo,SF Bay Area,Consumer,,,2024-12-12,Acquired,United States,6
Thrive,Mumbai,Food,,1,2024-12-14,Series A,India,
Refinery29,New York City,Media,,,2024-12-17,Acquired,United States,134
RealSelf,Seattle,Healthcare,,,2024-12-19,Series B,United States,42
BionicHIVE,Sderot,Hardware,,1,2024-12-22,Unknown,Israel,
Lilium,Munich,Aerospace,1000.00,1,2024-12-23,Post-IPO,Germany,1400
Bench,Vancouver,Finance,450.00,1,2024-12-27,Series C,Canada,109
Brave Care,Portland,Healthcare,,1,2024-12-31,Series B,United States,43
Epicery,Paris,Food,,1,2024-12-31,Acquired,France,7
Level,New York City,Finance,,1,2025-01-02,Series B,United States,27
SolarEdge,Tel Aviv,Energy,400.00,,2025-01-06,Post-IPO,Israel,155
Altruist,SF Bay Area,Finance,37.00,0.1,2025-01-07,Series E,United States,449
Aqua Security,Boston,Security,,,2025-01-07,Series E,United States,325
Cloud Software Group,SF Bay Area,Other,,,2025-01-07,Unknown,United States,
Microsoft,Seattle,Other,,,2025-01-07,Post-IPO,United States,1
Icon,Austin,Construction,114.00,,2025-01-09,Series B,United States,451
Redfin,Seattle,Real Estate,46.00,,2025-01-09,Post-IPO,United States,320
Wayfair,Berlin,Retail,730.00,0.03,2025-01-10,Post-IPO,Germany,1700
Pandion,Seattle,Logistics,63.00,1,2025-01-10,Series B,United States,76
Zillow,Seattle,Real Estate,,,2025-01-10,Post-IPO,United States,97
Alza,New York City,Finance,,1,2025-01-13,Seed,United States,7
Boozt,Malmo,Retail,,0.1,2025-01-13,Post-IPO,Sweden,56
Advisor Credit Exchange,Philadelphia,Finance,,1,2025-01-14,Unknown,United States,31
Microsoft,Seattle,Other,,,2025-01-14,Post-IPO,United States,1
TechCrunch,SF Bay Area,Media,,,2025-01-14,Acquired,United States,
HeyJobs,Berlin,Recruiting,90.00,,2025-01-15,Series B,Germany,62
ShareChat,Bengaluru,Marketing,27.00,0.05,2025-01-15,Series D,India,222
Textio,Seattle,Recruiting,15.00,,2025-01-15,Unknown,United States,42
Chrono24,Karlsruhe,Retail,110.00,0.24,2025-01-16,Series C,Germany,205
Pocket FM,Bengaluru,Media,75.00,,2025-01-16,Series D,India,212
Aurora Solar,SF Bay Area,Energy,58.00,,2025-01-16,Series D,United States,523
Unbabel,Lisbon,Support,66.00,0.25,2025-01-20,Series C,Portugal,91
Stripe,SF Bay Area,Finance,300.00,0.03,2025-01-21,Series I,United States,8700
Turso,London,Product,,,2025-01-21,Seed,Canada,7
Moon Active,Tel Aviv,Consumer,,,2025-01-27,Unknown,Israel,425
Digital River,Minneapolis,Retail,122.00,,2025-01-28,Private Equity,United States,50
Placer.ai,SF Bay Area,Data,150.00,0.18,2025-01-29,Unknown,United States,267
Amazon,Seattle,Retail,,,2025-01-29,Post-IPO,United States,8100
Cushion,SF Bay Area,Finance,,1,2025-01-30,Series A,United States,20
Salesforce,SF Bay Area,Sales,1000.00,0.01,2025-02-03,Post-IPO,United States,65
Sure,New York City,Finance,70.00,,2025-02-03,Series C,United States,123
Cruise,SF Bay Area,Transportation,1000.00,0.5,2025-02-04,Acquired,United States,15000
Okta,SF Bay Area,Security,180.00,0.03,2025-02-04,Post-IPO,United States,1200
AppsFlyer,SF Bay Area,Data,100.00,0.07,2025-02-04,Unknown,United States,293
Asana,SF Bay Area,Other,100.00,,2025-02-04,Post-IPO,United States,453
TripAdvisor,Boston,Travel,75.00,,2025-02-04,Post-IPO,United States,3
Workday,SF Bay Area,HR,1750.00,0.08,2025-02-05,Post-IPO,United States,230
Outbrain,New York City,Marketing,200.00,,2025-02-05,Post-IPO,United States,394
Sonos,Santa Barbara,Consumer,200.00,0.12,2025-02-05,Post-IPO,United States,455.2
SRTX,Montreal,Manufacturing,140.00,,2025-02-05,Unknown,Canada,151
Tabnine,Tel Aviv,AI,15.00,0.18,2025-02-05,Series B,Israel,57
Hugging Face,New York City,AI,10.00,0.04,2025-02-05,Series D,United States,395
Sprinklr,New York City,Support,500.00,0.15,2025-02-06,Post-IPO,United States,429
Meta,SF Bay Area,Consumer,3600.00,0.05,2025-02-10,Post-IPO,United States,26000
Justworks,New York City,HR,200.00,,2025-02-10,Unknown,United States,160
MessageBird,Amsterdam,Other,120.00,0.33,2025-02-10,Series C,Netherlands,1100
Unity,SF Bay Area,Other,,,2025-02-11,Post-IPO,United States,1300
Zepz,London,Finance,200.00,0.2,2025-02-12,Series E,United Kingdom,700
Getaround,SF Bay Area,Transportation,,,2025-02-12,Series D,United States,403
Blue Origin,Seattle,Aerospace,1000.00,0.1,2025-02-13,Unknown,United States,167
Sophos,Oxford,Security,,0.06,2025-02-13,Acquired,United States,125